Year,Earth Other Renewables (TWh),Earth Bioenergy (TWh),Earth Solar (TWh),Earth Wind (TWh),Earth Hydro (TWh),Earth Nuclear (TWh),Earth Oil (TWh),Earth Gas (TWh),Earth Coal (TWh),Asia Pacific Other Renewables (TWh),Asia Pacific Bioenergy (TWh),Asia Pacific Solar (TWh),Asia Pacific Wind (TWh),Asia Pacific Hydro (TWh),Asia Pacific Nuclear (TWh),Asia Pacific Oil (TWh),Asia Pacific Gas (TWh),Asia Pacific Coal (TWh),North America Other Renewables (TWh),North America Bioenergy (TWh),North America Solar (TWh),North America Wind (TWh),North America Hydro (TWh),North America Nuclear (TWh),North America Oil (TWh),North America Gas (TWh),North America Coal (TWh),Europe Other Renewables (TWh),Europe Bioenergy (TWh),Europe Solar (TWh),Europe Wind (TWh),Europe Hydro (TWh),Europe Nuclear (TWh),Europe Oil (TWh),Europe Gas (TWh),Europe Coal (TWh),Eurasia Other Renewables (TWh),Eurasia Bioenergy (TWh),Eurasia Solar (TWh),Eurasia Wind (TWh),Eurasia Hydro (TWh),Eurasia Nuclear (TWh),Eurasia Oil (TWh),Eurasia Gas (TWh),Eurasia Coal (TWh),Central & South America Other Renewables (TWh),Central & South America Bioenergy (TWh),Central & South America Solar (TWh),Central & South America Wind (TWh),Central & South America Hydro (TWh),Central & South America Nuclear (TWh),Central & South America Oil (TWh),Central & South America Gas (TWh),Central & South America Coal (TWh),Middle East Other Renewables (TWh),Middle East Bioenergy (TWh),Middle East Solar (TWh),Middle East Wind (TWh),Middle East Hydro (TWh),Middle East Nuclear (TWh),Middle East Oil (TWh),Middle East Gas (TWh),Middle East Coal (TWh),Africa Other Renewables (TWh),Africa Bioenergy (TWh),Africa Solar (TWh),Africa Wind (TWh),Africa Hydro (TWh),Africa Nuclear (TWh),Africa Oil (TWh),Africa Gas (TWh),Africa Coal (TWh),United States Other Renewables (TWh),United States Bioenergy (TWh),United States Solar (TWh),United States Wind (TWh),United States Hydro (TWh),United States Nuclear (TWh),United States Oil (TWh),United States Gas (TWh),United States Coal (TWh),China Other Renewables (TWh),China Bioenergy (TWh),China Solar (TWh),China Wind (TWh),China Hydro (TWh),China Nuclear (TWh),China Oil (TWh),China Gas (TWh),China Coal (TWh),European Union Other Renewables (TWh),European Union Bioenergy (TWh),European Union Solar (TWh),European Union Wind (TWh),European Union Hydro (TWh),European Union Nuclear (TWh),European Union Oil (TWh),European Union Gas (TWh),European Union Coal (TWh),Japan Other Renewables (TWh),Japan Bioenergy (TWh),Japan Solar (TWh),Japan Wind (TWh),Japan Hydro (TWh),Japan Nuclear (TWh),Japan Oil (TWh),Japan Gas (TWh),Japan Coal (TWh),Russia Other Renewables (TWh),Russia Bioenergy (TWh),Russia Solar (TWh),Russia Wind (TWh),Russia Hydro (TWh),Russia Nuclear (TWh),Russia Oil (TWh),Russia Gas (TWh),Russia Coal (TWh),India Other Renewables (TWh),India Bioenergy (TWh),India Solar (TWh),India Wind (TWh),India Hydro (TWh),India Nuclear (TWh),India Oil (TWh),India Gas (TWh),India Coal (TWh),SouthEast Asia Other Renewables (TWh),SouthEast Asia Bioenergy (TWh),SouthEast Asia Solar (TWh),SouthEast Asia Wind (TWh),SouthEast Asia Hydro (TWh),SouthEast Asia Nuclear (TWh),SouthEast Asia Oil (TWh),SouthEast Asia Gas (TWh),SouthEast Asia Coal (TWh),Brazil Other Renewables (TWh),Brazil Bioenergy (TWh),Brazil Solar (TWh),Brazil Wind (TWh),Brazil Hydro (TWh),Brazil Nuclear (TWh),Brazil Oil (TWh),Brazil Gas (TWh),Brazil Coal (TWh)
2000,52.37,148.41,1.08,31.16,2621.47,2507.43,1173.34,2717.7,5718.94,6.109999999999999,21.48,0.43,2.4899999999999998,471.5700000000001,480.85999999999996,325.71999999999997,393.51000000000005,2050.86,20.02,74.97999999999999,0.52,5.87,657.75,830.86,216.52999999999997,685.3,2092.81,1.4000000000000001,4.51,0.01,1.02,252.49,187.52,27.070000000000004,268.5,269.39,0.06,0.07,0.0,0.0,213.32000000000002,124.3,47.82000000000001,399.82,213.54,2.13,9.639999999999999,0.01,0.24,545.0599999999998,10.93,88.48,96.44,27.009999999999998,0,0.03,0.0,0.04,8.07,0.0,147.46,273.28999999999996,0.48,0.43,2.0900000000000003,0.0,0.23,74.52,13.01,34.58999999999999,101.36999999999999,194.59,14.09,60.73,0.49,5.59,270.03,753.89,116.02,614.99,1966.27,0,2.54,0.02,0.59,222.41,16.74,47.27,5.77,1060.26,5.29,30.11,0.10999999999999999,21.269999999999996,350.16999999999996,859.95,229.23,331.4799999999999,800.3299999999999,3.35,13.97,0.35,0.11,86.38,305.95,155.55,219.99,202.75,0.06,0.07,0.0,0.0,164.08,122.46,31.25,349.73,165.82,0,1.69,0.01,1.58,76.99,15.77,29.16,55.96,390.23,16.93,5.5,0.0,0.0,50.370000000000005,0,56.8,167.99,71.03,0,7.41,0.0,0.0,301.36,4.94,14.37,3.84,10.66
2001,52.6,142.9,1.35,38.16,2561.15,2573.71,1157.32,2867.51,5801.76,6.11,22.179999999999996,0.57,3.439999999999999,519.27,484.22,297.8400000000001,409.82000000000005,2178.3400000000006,20.490000000000002,64.69,0.5700000000000001,7.1000000000000005,566.35,849.98,235.97000000000003,725.66,2030.3,1.54,5.1,0.01,1.09,227.184,191.73000000000002,25.93,264.57000000000005,286.8,0.09,0.11,0.0,0.0,221.99,127.35,45.150000000000006,407.32,210.67999999999998,2.4,10.9,0.01,0.30000000000000004,510.82000000000005,20.81,90.86,106.61999999999999,24.119999999999997,0,0.03,0.0,0.03,8.48,0.0,143.35999999999999,302.12,0.47,0.48,2.0700000000000003,0.0,0.46,81.22,10.72,34.99,108.42999999999999,199.20000000000002,14.89,49.75,0.54,6.74,208.14,768.83,135.59,639.13,1903.96,0,2.55,0.03,0.72,277.43,17.47,48.52,4.93,1129.14,5.09,31.900000000000002,0.19,25.740000000000002,373.43000000000006,888.9000000000001,231.65999999999994,354.3299999999999,792.9200000000001,3.43,13.89,0.47,0.25,83.32,303.86,130.85,218.16,215.94,0.09,0.11,0.0,0.0,173.9,125.36,28.36,355.95,159.46,0,2.07,0.01,2.09,72.02,18.89,26.79,55.93,408.29,16.4,5.920000000000001,0.0,0.0,54.260000000000005,0,51.93,188.64,80.01,0,8.47,0.0,0.04,265.2,14.27,14.99,9.35,10.85
2002,54.08,156.22,1.69,52.04,2601.49,2601.89,1135.84,3071.37,6058.69,6.02,24.3,0.8,3.8899999999999997,527.4599999999999,479.32000000000005,312.84,442.77,2379.2200000000003,21.57,68.8,0.5800000000000001,10.78,627.34,861.0699999999999,190.7,791.05,2061.01,1.53,5.6,0.01,1.4200000000000002,238.77800000000002,191.70999999999998,25.59,279.83,276.06,0.16,0.16,0.0,0.01,213.26,136.23,42.81,414.75,213.37,2.55,12.509999999999998,0.01,0.42000000000000004,535.51,19.23,91.73999999999998,106.98000000000002,22.939999999999998,0,0.03,0.0,0.03,11.67,0.0,141.92999999999998,332.07,0.52,0.39,2.06,0.02,0.43000000000000005,83.41000000000003,11.99,33.35000000000001,125.87,205.13,16.14,53.71,0.55,10.35,255.59,780.06,103.69,691.01,1933.13,0,2.55,0.05,0.84,287.97,25.13,50.7,4.19,1282.57,5.25,36.8,0.27,35.06,312.6000000000001,902.34,242.74000000000007,372.8100000000002,814.3400000000001,3.37,15.1,0.67,0.41,81.55,280.34,151.67,221.61,231.84,0.16,0.16,0.0,0.01,162.22,134.14,25.89,363.4,160.9,0,2.14,0.01,2.09,68.54,19.35,27.93,62.88,426.7,16.61,5.96,0.0,0.0,53.31999999999999,0,54.52,205.24,87.16,0,9.66,0.0,0.06,283.23,13.84,12.77,11.72,9.01
2003,56.07,167.59,2.07,63.43,2602.17,2577.71,1154.97,3203.84,6464.1,6.12,25.810000000000006,1.06,5.33,543.8399999999999,453.38,322.87000000000006,467.83,2656.88,23.160000000000004,68.39,0.56,12.04,621.02,844.86,212.86,757.1899999999999,2103.78,1.5,6.6499999999999995,0.02,1.61,214.372,196.20999999999998,23.71,292.21000000000004,294.5,0.32,0.34,0.0,0.01,212.33,142.98999999999998,42.42,435.31,219.91,2.52,14.719999999999997,0.01,0.5,558.73,20.43,90.27,123.44,22.099999999999998,0,0.03,0.0,0.03,14.139999999999999,0.0,146.64999999999998,354.85,0.47,0.79,1.9200000000000004,0.02,0.6100000000000001,81.67999999999996,12.66,34.37999999999999,133.55999999999997,219.95,16.85,53.34,0.53,11.19,267.27,763.73,132.38,649.91,1973.74,0,2.54,0.06,1.0,283.68,43.34,54.83,5.16,1519.97,5.92,43.160000000000004,0.4,43.300000000000004,304.64000000000004,907.18,227.81,420.73999999999995,849.0400000000001,3.48,15.31,0.9,0.83,93.66,228.01,156.43,230.66,246.67,0.32,0.34,0.0,0.01,155.76,141.17,25.55,383.33,162.29,0,2.71,0.02,2.6,69.3,18.14,31.09,72.8,441.47,15.74,6.57,0.0,0.0,53.28,0,54.33,218.71,98.50999999999999,0,11.26,0.0,0.06,302.56,13.4,10.25,12.41,8.96
2004,57.94,184.57,2.71,85.26,2796.82,2682.73,1140.43,3445.59,6697.23,6.05,28.150000000000006,1.38,8.96,646.67,505.65000000000003,322.76,493.25000000000006,2906.9400000000005,23.56,69.43,0.6,15.110000000000001,622.31,883.13,215.38,832.2,2093.22,1.57,7.950000000000001,0.02,2.3099999999999996,235.67600000000004,192.63,21.52,308.19,280.64,0.4,0.42,0.0,0.01,233.62999999999997,139.67,38.4,450.98,213.82000000000002,2.77,16.169999999999998,0.01,0.52,580.0799999999999,18.91,96.02,135.67,26.480000000000004,0,0.03,0.0,0.05,17.71,0.0,152.64,376.83000000000004,0.48,1.03,2.1499999999999995,0.02,0.78,86.53999999999998,14.28,31.240000000000006,149.83,229.73999999999998,16.95,53.54,0.58,14.14,259.93,788.53,129.88,710.1,1978.3,0,2.53,0.08,1.28,353.54,50.47,65.53,7.46,1722.42,5.99,52.75999999999999,0.6800000000000002,57.51999999999998,323.18999999999994,928.46,204.59,460.38000000000005,835.42,3.37,15.75,1.19,1.3,93.12,268.32,145.87,221.73,254.0,0.4,0.42,0.0,0.01,175.82,137.47,22.53,398.05,151.53,0,3.31,0.02,5.23,100.64,21.26,28.27,76.58,463.01,16.57,7.51,0.0,0.0,52.879999999999995,0,58.22,238.26,111.50999999999999,0,11.78,0.0,0.06,317.59,11.6,11.65,18.19,10.3
2005,58.74,208.44,3.78,103.89,2895.29,2686.95,1142.16,3619.81,7044.92,6.51,35.459999999999994,1.69,11.42,671.8499999999999,531.29,314.4800000000001,491.25,3203.89,23.97,70.8,0.5800000000000001,19.4,649.44,879.14,209.86,877.0500000000001,2142.5899999999997,1.75,9.62,0.03,3.53,255.13,192.49,24.59,314.91999999999996,290.06999999999994,0.41,0.43,0.0,0.01,229.74000000000004,140.14,37.35999999999999,468.32,217.12,2.73,20.39,0.01,0.52,613.93,15.57,99.67000000000003,131.12,27.459999999999994,0,0.04,0.0,0.07,25.77,0.0,159.77999999999997,410.93999999999994,0.57,1.0,2.8099999999999996,0.02,0.8300000000000001,88.65,12.24,37.83,160.51,232.11,16.64,54.28,0.55,17.81,263.76,781.99,126.13,760.96,2012.87,0,5.32,0.08,1.95,397.02,53.09,50.51,12.14,1980.15,5.870000000000001,60.999999999999986,1.4500000000000002,68.08999999999999,307.02,916.08,199.65000000000003,514.7200000000001,808.8899999999999,3.23,18.39,1.49,1.75,75.71,280.5,154.87,211.93,267.29,0.41,0.43,0.0,0.01,172.68,137.64,20.02,414.51,156.11,0,4.04,0.02,5.99,97.42,17.73,25.37,75.47,478.48,16.5,7.89,0.0,0.02,53.76,0,59.29,250.98,122.22000000000001,0,12.79,0.0,0.09,334.08,9.2,11.05,17.7,10.81
2006,60.11,221.65,5.11,132.79,3002.08,2721.42,1050.03,3835.74,7442.89,6.569999999999999,38.879999999999995,2.03,18.1,740.58,547.61,272.40000000000003,544.88,3556.8199999999997,23.21,70.3,0.54,29.12,662.0999999999999,890.0600000000001,130.39,960.09,2110.55,2.7199999999999998,9.91,0.03,5.06,242.45,192.04000000000002,23.9,303.84,324.81,0.46,0.48,0.0,0.0,224.21,147.07,45.65,490.02000000000004,229.01999999999998,2.9299999999999997,21.810000000000002,0.01,0.7400000000000001,641.3299999999998,20.130000000000003,102.08,138.71999999999997,30.540000000000003,0,0.05,0.0,0.13,29.200000000000003,0.0,183.35,426.90999999999997,0.56,1.01,2.65,0.03,0.8700000000000001,91.85000000000004,10.07,40.469999999999985,172.29000000000002,238.98,16.51,54.86,0.51,26.59,282.69,787.22,71.61,816.44,1990.51,0,7.13,0.09,3.71,435.79,54.84,37.92,23.82,2302.42,6.08,69.86000000000001,2.47,78.72000000000004,309.98,914.44,194.33999999999995,542.5000000000001,816.4999999999999,3.08,18.38,1.79,2.17,86.65,291.54,130.05,236.16,262.56,0.46,0.48,0.0,0.0,173.35,144.65,22.99,431.85,168.64,0,5.59,0.01,9.34,112.62,17.63,19.08,74.7,505.46,17.130000000000003,7.710000000000001,0.0,0.05,60.38,0,57.81,256.49,135.10999999999999,0,13.99,0.0,0.24,345.32,12.98,11.68,17.21,10.51
2007,62.87,244.16,6.92,170.91,3046.29,2666.92,1075.01,4148.18,7936.45,6.800000000000001,45.370000000000005,2.4199999999999995,24.17,784.9999999999998,526.75,289.52,618.5899999999999,3978.179999999999,24.119999999999997,71.46,0.65,37.72,631.52,904.56,133.14,1052.91,2143.38,3.74,10.28,0.04,6.619999999999999,244.76999999999998,182.06,23.549999999999997,345.1499999999999,325.23,0.49,0.45,0.0,0.01,230.3,150.34,39.13,514.12,227.58999999999997,3.2199999999999998,26.16,0.01,1.09,662.2099999999999,18.37,118.65,138.57,33.730000000000004,0,0.05,0.0,0.14,27.72,0.0,191.45,456.82,0.57,1.02,2.5800000000000005,0.03,1.1800000000000002,93.92,12.6,44.300000000000004,180.91000000000005,247.14000000000001,16.7,55.54,0.61,34.45,240.61,806.42,75.19,896.59,2016.46,0,9.86,0.11,5.48,485.26,62.13,28.09,33.91,2656.7,6.24,78.43,3.77,99.92,307.71999999999997,872.2400000000002,179.92000000000002,574.5300000000001,828.7399999999999,3.04,19.86,2.02,2.61,73.27,267.34,163.41,261.95,280.01,0.49,0.45,0.0,0.01,177.05,147.99,16.24,458.62,160.07,0,7.4,0.06,11.68,122.61,17.83,13.36,90.05,533.27,17.240000000000002,9.38,0.0,0.06,63.13000000000001,0,55.72000000000001,266.58,151.89,0,16.97,0.0,0.64,370.27,11.65,12.5,14.56,10.58
2008,65.97,259.69,11.36,220.07,3231.24,2656.04,1030.12,4252.14,7933.5,7.130000000000001,49.41,2.9299999999999993,35.63999999999999,927.81,511.7,246.58000000000007,617.0699999999999,4071.02,24.39,69.81,0.91,59.42,661.01,903.87,112.33,1038.08,2099.64,4.2,10.600000000000001,0.05,8.97,255.97000000000003,168.60000000000002,26.13,360.54,323.35,0.47,0.46,0.0,0.0,214.39999999999998,154.33,33.879999999999995,521.87,257.01,3.3600000000000003,28.869999999999997,0.01,1.2700000000000002,666.9399999999999,20.060000000000002,123.66000000000001,152.29999999999998,34.18,0,0.05,0.0,0.2,14.16,0.0,219.29000000000002,468.2199999999999,0.39,1.19,2.73,0.04,1.29,95.56,12.75,48.37000000000001,189.85000000000002,241.37,17.32,55.03,0.86,55.36,248.54,806.21,55.43,882.98,1985.8,0,14.87,0.15,13.1,636.96,68.39,18.81,34.57,2708.91,6.2,88.08999999999997,7.42,113.22000000000003,325.59000000000003,884.73,168.53,613.8699999999999,757.0100000000001,2.75,17.17,2.25,2.94,75.68,241.25,137.14,259.82,266.92,0.47,0.46,0.0,0.0,164.76,152.06,15.19,466.49,185.52,0,9.3,0.06,14.38,115.17,15.23,15.27,85.88,573.12,19.03,9.670000000000002,0.0,0.06,69.8,0,51.730000000000004,290.34,149.53,0,18.91,0.0,0.84,365.86,13.21,16.69,27.51,11.67
2009,68.02,281.05,19.19,275.88,3229.67,2619.0,956.85,4288.49,7823.33,7.970000000000001,56.32000000000001,3.929999999999999,54.309999999999995,897.5600000000001,535.25,187.87000000000006,662.06,4316.369999999999,24.24,69.79,1.0,81.13,660.23,894.09,101.73,1087.28,1860.91,4.99,11.55,0.09000000000000001,11.849999999999998,249.66000000000003,178.29,23.46,340.85999999999996,293.76,0.46,0.47,0.0,0.0,224.96,155.07,30.09,503.43999999999994,222.69,3.39,32.61,0.01,2.0300000000000002,683.6899999999998,19.810000000000002,120.67000000000003,142.07999999999998,33.81,0,0.05,0.01,0.23,12.44,0.0,240.02,496.18999999999994,0.38,1.36,2.9499999999999997,0.06,1.6900000000000002,98.61,11.57,54.75000000000001,193.22999999999993,231.68,17.47,54.49,0.89,73.89,268.82,798.85,48.53,920.98,1755.9,0,20.86,0.28,27.61,615.64,70.05,12.12,56.56,2911.52,5.989999999999999,97.24000000000001,14.079999999999998,124.57000000000001,328.9999999999999,824.92,147.99000000000004,566.31,703.55,2.89,16.89,2.76,3.61,76.13,263.05,86.81,267.74,257.31,0.46,0.47,0.0,0.0,174.18,152.78,15.11,442.46,154.82,0,11.64,0.08,16.27,106.34,16.82,13.08,104.37,611.11,19.62,10.07,0.01,0.06999999999999999,73.52,0,50.660000000000004,297.03999999999996,160.17999999999998,0,21.81,0.0,1.24,387.08,12.22,13.75,12.71,9.86
2010,68.62,324.24,31.05,345.99,3412.49,2686.44,952.61,4753.19,8363.91,8.62,68.51999999999998,5.649999999999999,81.41,1013.51,562.2599999999999,196.74,783.6400000000001,4712.099999999999,24.15,72.53,1.49,104.53,639.36,898.1600000000001,95.08000000000001,1170.19,1954.6799999999998,5.14,13.37,0.2,14.200000000000001,264.71999999999997,176.49,18.849999999999998,365.89000000000004,298.66,0.5,0.51,0.0,0.01,225.06,161.7,22.38,548.97,233.89999999999998,3.3600000000000003,41.56999999999999,0.03,3.3699999999999997,691.2399999999999,20.46,120.90000000000003,178.67,39.17000000000001,0,0.06,0.02,0.17,18.43,0.0,237.44999999999996,554.4499999999999,0.62,1.47,3.21,0.39000000000000007,2.37,109.5,12.9,55.931666666666665,236.57,241.27,17.83,56.09,1.21,94.65,254.7,806.97,47.5,987.7,1847.29,0,24.9,0.7,49.4,711.38,74.74,14.86,77.73,3233.6,6.09,111.46999999999998,23.240000000000002,139.82999999999998,371.81999999999994,854.47,152.62000000000006,589.27,701.1999999999999,2.46,20.47,3.54,4.02,83.43,278.36,94.86,301.79,293.24,0.5,0.51,0.0,0.0,166.48,159.41,8.78,490.99,156.67,0,14.3,0.11,19.46,108.74,23.08,10.78,118.03,642.97,19.29,13.0,0.03,0.1,78.85000000000001,0,53.15,325.54,182.31,0,30.52,0.0,2.18,403.29,13.77,15.02,34.85,11.15
2011,69.9,344.31,61.85,440.39,3479.42,2575.35,1047.28,4816.2,8819.95,8.94,76.56,10.79,113.97,1014.29,466.52,250.48000000000005,889.28,5204.69,24.36,72.87,2.43,131.9,720.83,888.1500000000001,93.11,1211.29,1835.71,5.390000000000001,14.38,0.6300000000000001,22.14,252.39999999999998,184.79000000000002,14.14,343.75,323.19,0.52,0.52,0.0,0.0,222.32999999999998,164.38000000000002,40.54,554.5699999999999,236.56,3.43,42.8,0.08,4.26,734.0099999999996,20.69,121.96000000000001,167.86999999999998,43.989999999999995,0,0.09,0.04,0.21,18.14,0.11,265.41,545.95,0.65,1.51,3.3499999999999996,0.4900000000000001,2.44,110.57000000000004,12.94,54.313333333333325,239.92,244.76,18.14,56.67,1.82,120.18,312.93,790.2,41.81,1013.69,1733.43,0,27.63,2.61,74.1,688.04,87.2,12.13,108.77,3690.87,6.420000000000001,118.97999999999999,47.28,165.34,307.42999999999995,837.77,144.66000000000003,558.7600000000001,724.8099999999998,2.37,20.06,4.84,4.68,84.55,153.38,152.9,356.58,267.62,0.52,0.52,0.0,0.0,165.84,162.02,25.81,489.7,155.01,0,17.14,0.83,23.95,131.7,32.22,9.35,117.56,701.25,19.33,14.760000000000002,0.10999999999999999,0.13,99.42,0,63.17,304.81,205.58999999999997,0,31.29,0.0,2.7,428.33,14.8,13.6,24.06,12.61
2012,71.01,372.96,95.18,529.11,3645.19,2403.21,1100.33,5092.25,8861.0,9.35,84.15,16.13,147.32,1161.07,335.82,298.32000000000005,941.9299999999998,5383.600000000001,23.8,74.0,5.27,155.69,679.3399999999999,867.23,97.21000000000001,1426.93,1608.22,6.11,16.04,2.35,27.67,285.1,184.88,15.469999999999999,294.98,362.61,0.48,0.47,0.0,0.0,222.15,168.41,42.89,570.61,237.73,3.8100000000000005,46.56500000000001,0.29000000000000004,8.12,719.191,21.07,131.29199999999997,205.42999999999998,50.776999999999994,0,0.1,0.05,0.28,21.11,1.45,261.16999999999996,586.9499999999999,0.5900000000000001,1.59,3.6159999999999997,0.7300000000000002,2.3610000000000007,111.55400000000002,12.4,61.90200000000001,262.6,241.79,18.26,57.62,4.33,140.82,271.29,769.33,39.09,1225.89,1514.04,0,30.13,3.59,103.05,862.79,98.32,10.94,110.25,3748.19,6.28,132.87000000000003,70.13999999999999,187.46999999999997,331.66999999999996,811.9499999999999,138.48,484.75,742.6800000000001,2.4,21.06,6.61,4.84,76.18,15.12,195.62,410.02,314.75,0.48,0.47,0.0,0.0,165.9,166.29,26.48,495.72,159.39,0,19.94,2.1,27.43,115.78,33.14,10.07,96.25,787.13,19.689999999999998,15.879999999999999,0.54,0.26,115.07,0,57.6,318.07,234.20000000000002,0,34.39,0.0,5.05,415.34,15.17,18.06,44.96,14.19
2013,72.59,405.31,131.42,641.17,3777.06,2418.44,1062.12,4987.33,9313.08,9.65,95.68000000000002,30.450000000000003,188.52999999999997,1238.37,333.74,258.73,932.84,5784.39,24.53,77.91,10.629999999999999,189.79000000000002,679.47,897.98,91.23,1334.9699999999998,1674.11,6.61,19.84,3.5799999999999996,38.61,284.03,178.69,15.339999999999996,288.5,346.04,0.44,0.45,0.0,0.0,236.24,163.54999999999998,24.150000000000002,578.63,232.91,4.08,52.3,0.6400000000000001,10.620000000000003,704.6220000000002,20.380000000000003,142.01399999999995,231.20000000000002,64.104,0,0.09,0.17,0.23,23.61,4.26,282.92,594.49,0.5800000000000001,1.91,3.8520000000000003,0.7700000000000002,3.5419999999999994,116.81800000000003,13.61,73.14066666666668,267.31,235.31,18.76,60.86,9.04,167.84,263.88,789.02,40.26,1124.84,1581.11,0,37.13,8.37,138.26,909.61,111.5,10.01,116.39,4077.37,6.44,139.13,84.15,209.46,368.0200000000001,806.23,129.84000000000003,415.4800000000001,728.9000000000001,2.32,22.05,12.88,5.19,79.04,10.43,156.91,399.25,341.72,0.44,0.45,0.0,0.0,181.15,161.38,8.21,500.04,152.73,0,22.48,3.43,30.01,131.98,33.31,10.65,66.31,847.97,19.03,16.819999999999997,1.46,0.45,126.96000000000001,0,48.849999999999994,343.91,247.96,0,39.27,0.0,6.58,390.99,14.65,24.47,66.14,21.39
2014,77.68,442.4,196.46,716.51,3865.99,2472.7,1008.92,5139.66,9502.87,10.430000000000001,111.96000000000001,59.02000000000001,214.96,1395.29,364.04999999999995,216.10000000000005,982.8299999999999,6026.1,24.799999999999997,79.64,31.240000000000002,210.32,670.4200000000001,907.68,78.17,1345.9499999999998,1674.07,7.6,24.45,6.249999999999998,44.07,264.14000000000004,178.51,15.92,311.62999999999994,308.85,0.46,0.52,0.16,0.11,230.05,171.34,27.259999999999998,588.0699999999999,228.21999999999997,4.12,59.325,1.2800000000000002,18.430000000000007,664.4229999999999,19.72,149.97599999999997,243.57,66.671,0,0.13,0.45,0.22000000000000003,19.97,4.07,269.28,678.3100000000001,0.63,3.21,5.4879999999999995,2.1300000000000003,5.562999999999999,122.12200000000006,14.76,78.97933333333334,275.73999999999995,234.29000000000002,19.08,63.99,28.92,181.65,253.19,797.17,43.69,1126.61,1581.71,0,46.27,23.51,159.76,1059.69,133.22,9.52,133.28,4203.06,6.79,144.25,94.21000000000001,222.36999999999998,370.05999999999995,812.57,127.57000000000001,357.3999999999999,692.78,2.34,22.86,22.95,5.22,83.16,0.0,117.52,433.09,341.57,0.46,0.52,0.16,0.1,175.27,169.07,10.1,503.44,149.38,0,24.68,4.91,33.45,139.0,34.69,11.35,64.01,949.93,20.37,17.43,2.26,0.53,130.61,0,49.85000000000001,356.15999999999997,272.51,0,45.15,0.02,12.21,373.44,14.46,32.66,77.75,26.17
2015,81.57,480.15,254.87,828.37,3870.33,2502.45,1012.75,5462.87,9167.21,11.03,131.33,91.41000000000001,241.95000000000002,1443.5800000000002,410.89,198.70000000000002,984.0999999999999,5915.43,25.130000000000003,80.0,42.14,225.87,652.97,904.41,78.22,1570.68,1441.4,8.42,30.5,10.499999999999998,55.86,291.21,180.06,17.28,289.81,275.45000000000005,0.46,0.45,0.39,0.28,224.25,185.38,26.96,586.3299999999999,224.98999999999995,3.96,63.279999999999994,3.0999999999999988,31.17000000000001,664.584,20.55,147.13800000000003,259.89,68.68799999999999,0,0.15000000000000002,0.62,0.28,16.7,3.5,274.23,726.39,0.55,4.48,6.573999999999997,3.58,8.574,119.78599999999999,10.97,90.19800000000004,289.72,230.80999999999997,19.12,63.63,39.03,190.72,243.99,797.18,44.44,1333.48,1352.4,0,54.07,39.48,185.59,1114.52,171.38,9.68,166.91,4046.17,7.09,149.38000000000002,100.85,263.19000000000005,336.0,786.69,128.39,396.6899999999999,705.0300000000001,2.38,27.83,34.8,5.58,86.75,3.24,101.16,404.4,338.67,0.46,0.45,0.34,0.15,167.99,182.81,9.53,499.76,149.57,0,30.62,6.57,32.74,133.28,38.31,9.12,64.77,1006.55,21.1,19.310000000000002,2.9299999999999997,1.26,122.36,0,55.91000000000001,359.26,306.14,0,47.54,0.06,21.47,359.74,13.91,26.97,75.76,26.12
2016,83.91,488.04,329.15,959.65,3997.0,2540.48,959.59,5707.1,9229.89,10.930000000000001,130.51999999999998,137.48000000000002,311.53999999999996,1475.6500000000003,457.25,203.41,1042.05,6101.110000000001,25.0,80.41,59.32,267.54,672.45,911.6500000000001,74.89,1614.98,1329.22,9.89,32.550000000000004,14.92,56.19,297.55,172.92000000000002,19.82,324.75,252.28,0.45,0.42,0.5900000000000001,0.45000000000000007,244.84,186.24,28.319999999999997,582.0,234.57,4.09,65.77499999999999,5.139999999999999,44.589999999999996,678.735,22.79,130.54999999999998,243.85999999999999,72.245,0,0.2,1.08,0.5700000000000001,20.099999999999998,6.47,243.18,771.95,0.58,4.69,5.989999999999998,5.289999999999999,10.494999999999997,118.99,15.21,88.64666666666668,291.02,232.48000000000002,19.16,62.76,54.87,226.99,261.13,805.69,39.5,1378.31,1239.15,0,62.13,66.53,240.86,1153.27,213.18,10.37,188.28,4156.35,7.23,151.08999999999997,101.03999999999999,266.80999999999995,345.6,767.9499999999999,129.32,466.75999999999993,659.0699999999999,2.29,24.34,45.76,6.17,79.14,14.87,94.78,405.64,331.98,0.45,0.42,0.46,0.15,184.61,184.05,10.34,492.0,161.65,0,24.82,11.56,43.45,128.38,37.9,9.3,72.62,1073.6,21.73,21.94,5.05,1.53,144.21,0,45.82000000000001,369.73,349.64,0,49.14,0.08,33.24,380.91,14.97,13.98,54.07,25.01
2017,86.62,517.97,444.54,1136.41,4054.17,2566.22,872.27,5826.91,9521.74,10.860000000000001,153.76,212.93000000000004,385.63000000000005,1493.24,485.09999999999997,171.03000000000003,1084.72,6440.039999999999,24.7,80.28,81.89,295.41,716.22,911.09,77.44999999999999,1529.0900000000001,1290.02,11.3,34.99999999999999,18.47,72.11999999999999,281.86,175.42000000000002,18.04,337.71,237.03,0.44,0.49,0.7000000000000001,0.5900000000000001,248.68,192.53,23.369999999999997,582.5,245.01000000000002,3.99,65.96,7.859999999999999,55.49,693.8359999999998,20.63,108.18199999999999,251.79,66.322,0,0.2,2.1700000000000004,0.81,20.58,6.96,228.14999999999998,842.4,0.73,4.87,5.216000000000001,7.0699999999999985,11.565999999999999,125.52399999999996,15.09,77.01533333333333,318.51,238.21,19.04,62.73,77.28,254.3,293.84,804.95,37.89,1296.44,1205.84,0,79.6,117.8,304.6,1165.06,248.1,9.87,203.2,4430.03,7.2299999999999995,153.64000000000004,107.93999999999998,312.31000000000006,294.34000000000003,759.4,127.03999999999999,525.63,638.85,2.19,27.95,55.07,6.49,83.42,27.75,70.92,408.58,326.62,0.44,0.49,0.56,0.14,185.01,190.12,6.58,488.98,164.82,0,24.91,21.54,52.63,135.82,37.41,8.62,74.99,1115.24,23.33,24.31,6.38,2.5500000000000003,181.02999999999997,0,46.45,354.56,366.86,0,50.6,0.83,42.06,370.91,14.86,14.54,62.72,24.64
2018,89.8,549.25,570.57,1265.29,4174.84,2619.57,799.24,6051.69,9902.09,10.92,173.64,299.73999999999995,457.07,1540.6200000000001,545.92,150.11999999999998,1112.62,6860.049999999999,23.8,79.07,98.48,318.05,700.94,915.4300000000001,81.22999999999999,1727.75,1224.71,13.45,38.709999999999994,25.450000000000003,82.93,291.34000000000003,173.87,16.92,323.3,245.50000000000003,0.43,0.48,0.9299999999999999,0.78,253.63,183.66,22.95,595.8900000000001,254.63000000000002,4.220000000000001,68.80499999999999,13.249999999999998,65.61999999999999,710.8169999999998,21.299999999999997,100.91399999999996,244.20000000000002,66.409,0,0.19,4.129999999999999,1.51,12.75,6.89,195.19,874.6700000000001,0.72,5.17,4.9719999999999995,9.549999999999997,15.296999999999997,133.418,10.56,69.34400000000002,327.47999999999996,243.39999999999998,18.69,61.83,93.36,272.67,286.62,807.08,42.68,1469.13,1149.49,0,93.73,176.9,365.8,1198.89,295.0,10.86,215.5,4763.92,7.140000000000001,155.5,113.03999999999998,320.63000000000005,343.84,761.9399999999999,123.09999999999998,490.94000000000005,595.5200000000001,2.3,30.85,62.67,7.18,80.63,47.82,61.87,396.79,321.95,0.43,0.48,0.72,0.23,191.14,181.76,7.55,497.51,167.77,0,27.22,36.33,60.31,139.75,39.05,6.2,71.26,1198.86,24.77,28.8,6.9799999999999995,3.4699999999999998,188.64,0,44.02,354.84000000000003,412.51,0,52.13,3.44,48.12,388.97,14.79,11.65,52.36,22.68
2019,91.39,577.97,701.19,1419.53,4220.5,2724.08,738.53,6208.6,9684.42,11.209999999999999,198.23999999999998,373.82999999999987,506.50000000000006,1633.5299999999995,637.8100000000002,118.11999999999999,1105.02,6926.660000000001,22.93,73.61,117.9,344.99,682.1300000000001,915.76,71.47,1837.59,1038.0,14.979999999999999,42.169999999999995,30.290000000000006,95.88000000000001,300.2,164.46,16.04,291.20000000000005,233.07,0.43,0.5,1.78,1.23,256.78999999999996,197.57,23.31,585.26,263.42,4.67,69.35,19.150000000000006,77.77000000000001,689.698,23.13,95.736,248.25000000000006,70.136,0,0.18000000000000002,7.6,1.6500000000000001,40.57,6.41,193.57,867.3,0.72,5.24,4.898,14.469999999999992,18.528,136.02200000000002,13.6,72.16266666666667,327.2200000000001,239.63000000000002,17.87,57.51,106.89,295.88,282.61,809.41,37.44,1585.81,964.96,0,112.73,224.0,405.3,1272.54,348.7,10.53,232.5,4855.19,7.2299999999999995,159.65000000000003,123.88000000000001,367.14,320.29,765.3399999999999,112.98000000000002,569.54,450.89999999999986,2.55,33.39,69.38,7.58,79.82,63.88,38.97,377.65,319.04,0.43,0.49,1.28,0.33,194.72,195.54,8.07,485.13,177.59,0,31.51,46.27,63.31,162.07,45.16,2.88,71.95,1198.76,24.799999999999997,30.32,13.38,5.909999999999999,162.44,0,39.779999999999994,377.21999999999997,463.27000000000004,0,52.69,6.59,55.43,397.88,15.16,9.46,57.99,23.46
2020,94.28,605.08,852.1,1586.92,4340.61,2634.69,710.57,6153.2,9297.78,11.67,220.67000000000004,449.46,569.1199999999999,1683.64,646.33,111.95999999999998,1124.52,6879.900000000001,22.66,69.9,146.2,393.45,687.62,893.4,68.6,1884.81,826.14,16.0,44.61,36.88,114.07000000000001,307.46999999999997,150.38,17.130000000000003,284.65999999999997,219.17000000000002,0.42,0.49,4.789999999999999,2.57,271.40000000000003,218.29000000000002,22.81,537.46,249.43999999999997,5.01,73.125,25.83000000000001,84.28000000000002,690.4590000000002,23.270000000000003,92.92799999999997,236.65000000000003,64.343,0,0.17,10.370000000000001,2.5499999999999994,29.939999999999998,7.890000000000001,199.45000000000002,876.8000000000002,0.75,5.06,4.714,15.079999999999998,17.679000000000002,142.74599999999998,11.62,68.81133333333334,319.57,226.71,18.09,54.7,130.72,337.94,279.95,789.88,34.34,1624.17,773.39,0,135.63,261.1,466.5,1321.71,366.2,10.8,252.5,4920.83,7.2299999999999995,162.60000000000002,145.14000000000001,397.48,347.1600000000001,683.5100000000001,99.53000000000002,561.1400000000001,352.4000000000001,2.98,36.24,79.09,8.48,78.81,41.86,38.19,368.19,310.29,0.42,0.48,2.02,1.24,212.59,215.74,7.72,438.78,165.92,0,32.94,58.68,60.43,163.71,44.61,2.11,74.46,1125.77,26.33,29.779999999999998,19.55,5.790000000000001,181.36,0,34.08,327.59,480.34000000000003,0,56.56,10.64,56.48,396.33,13.21,10.14,51.48,19.53
2021,95.65,666.28,1040.5,1848.26,4234.35,2739.32,764.52,6337.96,10085.9,11.71,264.96999999999997,547.2399999999998,770.5600000000001,1659.12,706.6899999999999,112.10000000000001,1133.0900000000001,7451.8,22.52,70.25,183.69,434.38,658.1,876.98,70.15,1851.06,947.99,11.07,47.57000000000001,39.510000000000005,114.51608336099999,290.034003,157.3,16.48,333.18,211.14999999999998,0.44,0.49,5.41,5.86,273.6,224.29,24.07,570.6999999999999,280.71999999999997,5.010000000000001,75.05000000000001,36.96,104.62999999999998,655.4699999999999,24.869999999999997,111.47999999999999,286.50000000000006,71.27000000000001,0,0.18000000000000002,12.989999999999998,2.7399999999999998,21.52,5.33,222.17000000000002,931.4399999999998,0.75,5.12,4.890000000000001,17.86,20.909999999999997,145.76000000000002,12.15,75.42999999999998,337.2,224.60999999999999,18.24,54.25,164.42,378.2,246.47,778.19,35.2,1579.36,897.89,0,169.93,327.0,655.6,1300.0,407.5,12.25,272.6,5339.14,7.029999999999999,169.34,163.73,386.5200000000001,348.62,731.7100000000002,102.82999999999998,551.9700000000001,419.0,3.02,36.91,88.7,8.96,79.14,61.22,32.33,336.63,311.62,0.44,0.49,2.3,3.89,214.5,222.44,7.94,466.24,192.12,0,35.47,68.31,68.09,160.33,43.92,2.31,64.18,1271.14,26.8,34.55,34.43,8.3,185.58,0,34.64,342.82000000000005,486.69,0,57.6,16.75,71.5,362.82,14.7,22.96,91.03,25.22
