Year,Global Annual Average Anomaly (°C),Hist Total (W/m²),Hist CO2 (W/m²),Hist CH4 (W/m²),Hist N2O (W/m²),Hist Minor GHG (W/m²),Hist O3 (W/m²),Hist Stratospheric H2O (W/m²),Hist Contrails (W/m²),Hist Aerosol Radiation (W/m²),Hist Aerosol Cloud (W/m²),Hist Snow (W/m²),Hist Land Use (W/m²),Hist Volcanic (W/m²),Hist Solar (W/m²),Hist Total Antropgenic (W/m²),Hist Total Natural (W/m²)
1851,0.048823529500000004,0.3407339364996481,0.142307285534621,0.04948550439733,0.0076561269851308,8.228277332092586e-08,0.0310161666666666,0.0045484422726354,0.0,-0.0050625699776796,-0.0633948381073602,0.0061580196438457,-0.0319073493357554,0.1978591918398632,0.0020678742975771,0.1408068703622077,0.1999270661374404
1852,0.07882352949999999,0.3417280193376308,0.1449555936555789,0.0499465329041206,0.0079535395086592,8.533411619164545e-08,0.0320323333333333,0.0045908175414078,0.0,-0.004534957239028,-0.0597178731336731,0.006301239658617,-0.0326100414591334,0.1915541054048052,0.0012566438288271,0.1489172701039984,0.1928107492336323
1853,0.0463235295,0.1505378084626304,0.1473338848494106,0.0507079701566862,0.0083314022322846,8.839850963930488e-08,0.0330485,0.0046608047716019,0.0,-0.0051167098440734,-0.0636937812513042,0.0064600887393782,-0.0333127335825114,0.0109864304372586,-0.0088681364446103,0.1484195144699821,0.0021182939926483
1854,0.0488235295,0.0894515931047402,0.1493664089263643,0.0515219541560283,0.0087202280417729,9.147117855209573e-08,0.0340646666666666,0.0047356218170569,0.0,-0.0071011901201059,-0.0789785513965733,0.0068197582858083,-0.0340154257058895,-0.0229605122804567,-0.0227214567571103,0.1351335621423073,-0.045681969037567
1855,0.048823529500000004,0.2324302008283607,0.1510142963488279,0.0525009977038658,0.0091383079788494,9.455711219643497e-08,0.0350808333333333,0.004825610251326,0.0,-0.0056226430045469,-0.0734782895758486,0.0069217309195281,-0.0347181178292675,0.1180223574101038,-0.0312549772649228,0.1456628206831798,0.0867673801451809
1856,-0.0511764705,0.2421559554030116,0.1529109755559734,0.0533961644217038,0.0095597581691981,9.765795323014817e-08,0.036097,0.0049078891770449,0.0,-0.0069284422895383,-0.0739912060258849,0.0070993601197524,-0.0354208099526455,0.1281670354828147,-0.0336418669133603,0.1476307868335572,0.0945251685694543
1857,-0.1461764705,0.060388745819346,0.1557077478187186,0.0544072819940084,0.0099407828639297,1.0077534692576405e-07,0.0371131666666666,0.0050008256836944,0.0,-0.0062981372838696,-0.0811861788380486,0.0071664277184397,-0.0361235020760235,-0.0576729270042189,-0.0276668424992978,0.1457285153228628,-0.0853397695035168
1858,-0.0386764705,0.2231995946105741,0.1586943796521112,0.0555674478933802,0.0102628397984872,1.0391093319167682e-07,0.0381293333333333,0.0051074619135205,0.0,-0.006643426371907,-0.0853366006678552,0.0072376940726268,-0.0368261941994016,0.0878091643762057,-0.0108026091008603,0.1461930393352287,0.0770065552753454
1859,0.0688235295,0.3153234863991833,0.1618908857204961,0.0568095465205356,0.010797358117945,1.0706635795444102e-07,0.0391455,0.0052216289604434,0.0,-0.0077399386766263,-0.0864681045380151,0.0074431813731195,-0.0375288863227796,0.162295881731692,0.0034563264460146,0.1495712782214766,0.1657522081777066
1860,-0.0561764705,0.3525876376048417,0.1654295332297178,0.0579740391600852,0.0114122938613705,1.1024326191260633e-07,0.0401616666666666,0.005328662881031,0.0,-0.0091473371066765,-0.0900099876775857,0.0076874198275279,-0.0382315784461576,0.1879492912539606,0.0140335237116396,0.1506048226392414,0.2019828149656003
1861,-0.0911764705,0.2772154066702991,0.168966028032944,0.0592403394188214,0.0121110239305628,1.1344329098292e-07,0.0411778333333333,0.0054450544121841,0.0,-0.0079201483400961,-0.0903138313710937,0.0078594080767363,-0.0389342705695357,0.1076720122790119,0.0119118440241396,0.1576315503671475,0.1195838563031516
1862,-0.1536764705,-0.5381537390408365,0.1719843097410066,0.0608330029202564,0.0127798986921655,1.2652708717301149e-07,0.042194,0.0055914435029741,0.0,-0.0090136307090367,-0.0899010999920556,0.0079707239733571,-0.0396369626929137,-0.7006053344809421,-0.0003502165227353,0.1628018119628409,-0.7009555510036775
1863,0.001323529499999999,-0.1298667209177478,0.1750774659818059,0.0627286560697213,0.0133713332729556,1.297782924867257e-07,0.0432101666666666,0.0057656817778848,0.0,-0.0088378287031233,-0.0859546045769618,0.0082371654148105,-0.0403396548162917,-0.2955831451435856,-0.0075420866399228,0.1732585108657605,-0.3031252317835084
1864,-0.0486764705,0.1964428251207439,0.178169026828523,0.0648012784342749,0.0139404180120897,1.3305754892889114e-07,0.0442263333333333,0.0059561861143154,0.0,-0.0078834774054825,-0.0892019122511683,0.0085048151609438,-0.0410423469396697,0.0335659222597082,-0.0145935514836728,0.1774704543447085,0.0189723707760354
1865,0.0338235295,0.2989848280430532,0.1812787552395502,0.0667802181952155,0.0145493262721027,1.363665102491559e-07,0.0452425,0.0061380796480539,0.0,-0.0100978896864937,-0.1013929767422769,0.0087299294485469,-0.0417450390630478,0.149773953129815,-0.0202721647649228,0.1694830396781611,0.1295017883648921
1866,0.0513235295,0.3407832486067869,0.1842908071952091,0.0688611600851226,0.01518713579829,1.3970679756941885e-07,0.0462586666666666,0.006329348670654,0.0,-0.0093204722229777,-0.098223010033479,0.0088717869994362,-0.0424477311864258,0.1841336900908536,-0.0231582731633603,0.1798078316792936,0.1609754169274932
1867,0.048823529500000004,0.3422684170353043,0.1874345532019055,0.0710357565798951,0.0158135461763373,1.529390816107126e-07,0.0472748333333333,0.0065292259224514,0.0,-0.0104907599032119,-0.109234438591776,0.0092676427725765,-0.0431504233098038,0.1953303657263129,-0.0275420378117978,0.1744800891207892,0.1677883279145151
1868,0.0613235295,0.3493558134949289,0.1901201865413237,0.0729790881092712,0.0164873239793157,1.5634698088097625e-07,0.048291,0.0067078465384401,0.0,-0.0116825922537076,-0.1203577031999263,0.0094294283764985,-0.0438531154331819,0.1989946649188998,-0.0177604704289853,0.1681216190050145,0.1812341944899144
1869,0.0588235295,0.3772601036992934,0.1922327080016563,0.0746962564845505,0.0171317050781529,1.5979115304804189e-07,0.0493071666666666,0.0068656794497638,0.0,-0.0119785228069105,-0.1160625531821819,0.0096812360299466,-0.0448966192743364,0.2001962875773176,8.659988351464562e-05,0.176977216238461,0.2002828874608323
1870,0.0213235295,0.374187509136449,0.1945350795142567,0.0760680983654031,0.0177361385613521,1.6327324272900633e-07,0.0503233333333333,0.0069917718010136,0.0,-0.0130037183675094,-0.1243085364463107,0.0099341260735313,-0.0461553755481085,0.2005913765442926,0.0014750520319521,0.1721210805602043,0.2020664285762447
1871,-0.0061764705,0.3941652884354299,0.1970072501818172,0.076994572933598,0.0184281460484388,1.766538814831971e-07,0.0513395,0.0070769283764961,0.0,-0.0126694544458582,-0.119721707696502,0.0101643021910638,-0.0474141318218806,0.200720249685548,0.0122394563288271,0.1812055824210547,0.2129597060143752
1872,0.0238235295,0.3877855004294793,0.2000687871756529,0.0777315399603504,0.0190908603997666,1.8021672698235738e-07,0.0523556666666666,0.0071446664347182,0.0,-0.0133176734360394,-0.1183312622600468,0.0106038846087367,-0.0486728880956526,0.1945508957110224,0.0065608430475771,0.1866737616708798,0.2011117387585995
1873,0.016323529500000003,0.1270353682840466,0.2036224703765585,0.0782873972182254,0.0197426808395873,1.8382241078512675e-07,0.0533718333333333,0.0071957578539138,0.0,-0.0155220743115156,-0.1330207132076116,0.0108809519559501,-0.0499316443694247,-0.0444955555796455,-0.0030959196477353,0.1746268435114275,-0.0475914752273809
1874,-0.0211764705,0.2680694804163603,0.2072697131941814,0.0792671350061979,0.0203716793383847,1.9733157751102086e-07,0.054388,0.0072858100990144,0.0,-0.0164823746838796,-0.1384190655758496,0.010780855554472,-0.0511904006431968,0.1062713650916314,-0.0114734342961728,0.1732715496209018,0.0947979307954585
1875,-0.006176470500000001,0.2791229717326096,0.2114645671517383,0.0802440525827523,0.0210113477537127,2.0102787176668195e-07,0.0554041666666666,0.0073756031254005,0.0,-0.0159206520252596,-0.1326389271157444,0.0109920358962872,-0.0524491569169689,0.1207137538198257,-0.0270740202336728,0.1854832381464567,0.0936397335861528
1876,-0.0436764705,0.2813669775994498,0.2156379949827701,0.0810671159498056,0.0215817226033511,2.1463093817546973e-07,0.0564203333333333,0.007451254697661,0.0,-0.0181377607488278,-0.1386418305461993,0.0110528293023637,-0.0537079131907409,0.1328621051780426,-0.0342190885930478,0.182723961014455,0.0986430165849948
1877,0.2713235295,0.32164113343344,0.2198658402827369,0.0819661949580041,0.0220753475183582,2.184244213482407e-07,0.0574365,0.0075338932201361,0.0,-0.017923281130772,-0.1433480658360978,0.0112352531844852,-0.0549523345152913,0.1765416276001946,-0.0387900602727353,0.1838895661059807,0.1377515673274593
1878,0.3313235295,0.3342757186731298,0.2242606440295048,0.0830057963301224,0.0226013211720638,2.32127952848829e-07,0.0584526666666666,0.0076294478049629,0.0,-0.0181937889242059,-0.1470475897524847,0.0113034045963861,-0.0560630024706577,0.1927796600608662,-0.0444530729680478,0.1859491315803113,0.1483265870928184
1879,0.0838235295,0.3314953795303865,0.2284061248349921,0.0842701761986008,0.023101363769868,2.36025190344092e-07,0.0594688333333333,0.0077456628241386,0.0,-0.0210202724731075,-0.1571155072052931,0.0117127756157912,-0.0571736704260241,0.1953670854696945,-0.0432674284367978,0.1793957224974898,0.1520996570328967
1880,0.0313235295,0.2949645465160506,0.2329459220861537,0.0856907950827489,0.0236044682268385,2.498357784489836e-07,0.060485,0.0078762384960381,0.0,-0.024168584083184,-0.163711699789903,0.0122530583274104,-0.0582843383813905,0.1476251424961077,-0.0293517057805478,0.1766911098004907,0.1182734367155599
1881,0.1163235295,0.316387774054974,0.2378226793685065,0.0870360307088868,0.024023900933465,2.538433487274481e-07,0.0615011666666666,0.0079998853429905,0.0,-0.0236194452343156,-0.1679977171291852,0.0125383831753928,-0.0593950063367568,0.146469021348085,-0.0099913786321103,0.1799101313389993,0.1364776427159747
1882,0.0638235295,0.3667190830416297,0.2429790183555466,0.0883663015758479,0.0244540181723612,2.6776754579444e-07,0.0625173333333333,0.0081221567095054,0.0,-0.0254876165215639,-0.1699855110956037,0.0129586486136864,-0.0605056742921232,0.1974256743286415,-0.0141255339055478,0.1834189426185359,0.1833001404230937
1883,-0.0011764704999999995,-0.3424446345273169,0.247413402417629,0.0897455516838251,0.0248584694652834,2.81751001208632e-07,0.0635334999999999,0.008248929985277,0.0,-0.026124585898828,-0.1681392234354845,0.0133988794554716,-0.0616163422474896,-0.5166738524703293,-0.0170896452336728,0.1913188631766852,-0.5337634977040021
1884,-0.1286764705,-1.7664786081479007,0.2519388837709704,0.0912348095047652,0.0252590268254912,2.957953856942297e-07,0.0645496666666666,0.0083858145802733,0.0,-0.0262024048667343,-0.1762716963672801,0.0135855431573059,-0.062727010202856,-1.9623399630672784,0.0061084260553896,0.1897529288639879,-1.9562315370118888
1885,-0.1336764705,-0.4957139817971429,0.2571394659403455,0.0929150930207603,0.0256445170732092,3.0004342218088135e-07,0.0655658333333333,0.0085402572330712,0.0,-0.0275829372073716,-0.1804470740557741,0.0137039919301403,-0.0638376781582224,-0.6789868332554465,-0.0083689176946103,0.1916417691529139,-0.6873557509500569
1886,-0.11367647049999999,0.0581931089349509,0.2626745003418066,0.0945557453355027,0.0259935344256222,3.142145464393809e-07,0.066582,0.0086910571983126,0.0,-0.0266360714869947,-0.1794913585985537,0.01388812410074,-0.0650848074969799,-0.1181835944122535,-0.0247963346867978,0.2011730380340023,-0.1429799290990514
1887,-0.1686764705,0.1281876630044347,0.2684109671980639,0.0963556905011227,0.0264147447624986,3.284515858263792e-07,0.0675981666666666,0.0088564985084385,0.0,-0.0282611390370006,-0.1889147549898794,0.0142432627338626,-0.0664304700853602,-0.0351645167453284,-0.0349211149602353,0.1982732947099986,-0.0700856317055638
1888,-0.0111764705,0.282329893596114,0.2747996256951576,0.098093867352692,0.0267450182107126,3.427559761140713e-07,0.0686143333333333,0.0090162624062764,0.0,-0.0322455257494814,-0.2089256564687488,0.015039802020382,-0.0677761326737405,0.1378516205019149,-0.0388836637883603,0.1833619368825594,0.0989679567135545
1889,0.1113235295,0.3494315181696005,0.2812002955995279,0.0999654562435039,0.0271691882943773,3.5712967517183853e-07,0.0696305,0.0091882888235402,0.0,-0.031610567469067,-0.2041061088614961,0.0150004264076483,-0.0691217952621208,0.1924187943726844,-0.0403033171086728,0.197316040905589,0.1521154772640115
1890,-0.1461764705,0.1622751769043216,0.287500424194979,0.101831710150403,0.0274880932764408,3.715739882581553e-07,0.0706466666666666,0.0093598248776835,0.0,-0.0347169290286329,-0.2186594598558327,0.0157667239364092,-0.070467457850501,0.0103651959932655,-0.0368399870305478,0.1887499679416038,-0.0264747910372822
1891,-0.038676470500000004,0.0570305028435718,0.294037418642556,0.1037265014000909,0.0277778028070709,3.8609973067832243e-07,0.0716628333333333,0.0095339839313875,0.0,-0.035082782683204,-0.214813500153748,0.016200170858499,-0.0718131204388813,-0.132772558414903,-0.0114266325383603,0.2012296937968352,-0.1441991909532633
1892,-0.12117647050000001,0.2867085168790636,0.300435933804841,0.1059531937104168,0.0281428723265486,4.007640639840522e-07,0.072679,0.0097386495512651,0.0,-0.0352691616408574,-0.213049105564174,0.0164356207570267,-0.0731587830272616,0.0653061429933672,0.0094937532038271,0.2119086206818692,0.0747998961971943
1893,-0.11867647049999999,0.4398637920918211,0.3060616947412579,0.1081009069119584,0.0285695466942348,4.155352725513899e-07,0.0736951666666666,0.00993605583487,0.0,-0.0357975445582344,-0.2165964184993012,0.0164480566364349,-0.0745044456156419,0.1980135869623512,0.0259367707819521,0.2159134343475178,0.2239503577443033
1894,-0.1011764705,0.4488815194918307,0.3117567366137632,0.1099368304188656,0.0290798390524279,4.304276045045186e-07,0.0747113333333333,0.0101048040812472,0.0,-0.0387209660093609,-0.2331334208076357,0.0166447269472512,-0.0758501082040222,0.1986173993017168,0.0457339143366396,0.2045302058534743,0.2443513136383564
1895,-0.0586764705,0.434344629262525,0.316961913796589,0.1115084782058305,0.0296157067855229,4.55303050847812e-07,0.0757275,0.0102492615202283,0.0,-0.0392731744187863,-0.2362377602977531,0.0172857538755111,-0.077151221201341,0.1986601050679704,0.0269976106257021,0.2086869135688524,0.2256577156936726
1896,0.0888235295,0.4138742597538283,0.3221246014070205,0.1123919098383342,0.0300296445338187,4.704461994065238e-07,0.0767436666666666,0.010330461819815,0.0,-0.0419415386808099,-0.234816760192558,0.017533239237602,-0.0784311182286621,0.1985282343900748,0.0013814485163271,0.2139645768474263,0.1999096829064019
1897,0.0888235295,0.386495442083111,0.3271902019821512,0.11325056782486,0.0304579538385205,4.857190411885035e-07,0.0777598333333333,0.0104093850586748,0.0,-0.0435407461182422,-0.250533598592897,0.0179364674004636,-0.0797110152559833,0.1983374759549864,-0.0150615690617978,0.2032195351899224,0.1832759068931886
1898,-0.1136764705,0.3755693989407822,0.3327540383392821,0.1148139910079558,0.0308846737609497,5.109833007470146e-07,0.078776,0.0105530865361603,0.0,-0.0460209229891606,-0.2590309752669922,0.0184764741355189,-0.0809909122833044,0.1981216932319948,-0.0227682585149228,0.2002159642237103,0.1753534347170719
1899,0.0163235295,0.34647282726834,0.3390182130722966,0.1166702708595834,0.031429735171874,5.26523705344724e-07,0.0797921666666666,0.010723705828614,0.0,-0.0529843308540916,-0.2812285728634697,0.019372823128651,-0.0822708093106256,0.1978905020913086,-0.0319414030461728,0.1805237282232042,0.1659490990451358
1900,0.11632352950000001,0.3389306451126081,0.3458146670492977,0.1185266930942102,0.0319780526184377,5.520518242750604e-07,0.0808083333333333,0.0108943382081496,0.0,-0.056683674874014,-0.2889830801263498,0.0198935290367868,-0.0837195812209391,0.1976464182067943,-0.0372456022649228,0.1785298291707366,0.1604008159418714
1901,0.0638235295,0.3313926271082851,0.351805960177552,0.1203663453951743,0.0325731626151169,5.686280942480701e-07,0.0818245,0.0110634291852865,0.0,-0.0581724856246146,-0.2939247222163419,0.0203831988017722,-0.0856540320583087,0.1974206443132271,-0.0462939421086728,0.1802659249037308,0.1511267022045543
1902,-0.0786764705,0.0992630315758543,0.357531917903497,0.1225864083836567,0.0334884336199159,8.548801133763505e-07,0.0828406666666666,0.0112674854734401,0.0,-0.0607800623040111,-0.2981704603976348,0.0207653321914212,-0.0875884828956784,-0.0385380006962346,-0.0441410612492978,0.1819420935213868,-0.0826790619455325
1903,-0.1686764705,-0.5988666184123326,0.3634549946701647,0.1248688857905467,0.0345722109845488,1.1846541666451827e-06,0.0838568333333333,0.0114772785603302,0.0,-0.0663637709182504,-0.3102867807626948,0.0218870577134806,-0.089522933733048,-0.7469856053462377,-0.0258259733586728,0.1739449602925779,-0.7728115787049106
1904,-0.23867647050000002,-0.1216453710852266,0.3688367235472697,0.1278632238848121,0.0355851634788364,1.5332297928567949e-06,0.084873,0.011752502065322,0.0,-0.0698265700975096,-0.3264889575370119,0.0219481308542159,-0.0914573845704176,-0.2921984129724888,0.0074656770319521,0.1630873648553099,-0.2847327359405366
1905,-0.053676470500000004,0.2181880835488017,0.3748598004764674,0.1308468094062168,0.0365863424893602,1.959930014622086e-06,0.0858891666666666,0.0120267372514609,0.0,-0.0747420105804211,-0.3437548722126938,0.0227303650041178,-0.0933918354077873,0.0743500948606347,-0.0072144743352353,0.1510524630234023,0.0671356205253994
1906,0.0238235295,0.3409630452704838,0.3815780289294299,0.1339990142276991,0.0375932308416186,2.5318567372578715e-06,0.0869053333333333,0.0123164710196957,0.0,-0.0795161091545427,-0.3562607199259747,0.0235946398531709,-0.0952960285671531,0.1792518254338925,0.0167948274225771,0.1449163924140141,0.1960466528564697
1907,-0.1336764705,0.1326883651190574,0.389450214238674,0.1373703509856512,0.0386739330720805,3.307133375699734e-06,0.0879215,0.0126263462207654,0.0,-0.0897234075078659,-0.3928076658001269,0.025102788674792,-0.0967620942961043,0.0170179524752384,0.0038151399225771,0.1118552727212418,0.0208330923978156
1908,-0.17367647049999999,0.2770171570116093,0.3970175471152135,0.1401010863892996,0.0398954577242397,4.306182348072235e-06,0.0889376666666666,0.0128773407796085,0.0,-0.0859513506188051,-0.3840122039331587,0.0244571844599324,-0.0982281600250555,0.1299908376612431,0.0119274446100771,0.135098874740289,0.1419182822713202
1909,-0.2211764705,0.3251815369409873,0.404538292449819,0.1430354529437747,0.0411295008536514,4.964534811466326e-06,0.0899538333333333,0.0131470520221699,0.0,-0.0899507210223374,-0.3928618230227631,0.0251902605553479,-0.0996942257540068,0.1956101382496098,-0.0049211882024228,0.1344925868938003,0.190688950047187
1910,-0.19117647049999997,0.2965851446875753,0.4124714149883027,0.1460017484625685,0.0424518890264826,6.424320894838135e-06,0.09097,0.0134196980039605,0.0,-0.0962335360013869,-0.4153693544915762,0.0259522501002781,-0.1010958466770233,0.195365312149685,-0.0173548551946103,0.1185746877325007,0.1780104569550746
1911,-0.2086764705,0.3004591890654556,0.420595837163875,0.1485682722378653,0.0439279412903229,1.782989695456346e-05,0.0919861666666666,0.0136555991102633,0.0,-0.0949585448706488,-0.4072125108688974,0.026318003508971,-0.1022290363422624,0.1951163614669556,-0.0353267301946103,0.1406695577931103,0.1597896312723453
1912,-0.13617647049999998,-0.283249357094909,0.430028449772429,0.1508349467995487,0.045012665999816,2.2919081191798868e-05,0.0930023333333333,0.0138639396843411,0.0,-0.0979126823925827,-0.4121788454063085,0.0270547501937225,-0.1033622260075014,-0.3874246201457883,-0.0421909880071103,0.1463662510579896,-0.4296156081528987
1913,-0.11367647050000002,-0.19968893362754,0.4400490035982125,0.1522741270779672,0.0462597174984825,2.8281182634082624e-05,0.0940184999999999,0.0139962214200943,0.0,-0.1025473241959143,-0.4312910831078174,0.0280838464515771,-0.1044954156727405,-0.2953870767088629,-0.0406777311711728,0.1363758742524956,-0.3360648078800357
1914,0.0788235295,0.1530369254013129,0.449176327095667,0.1535647299308873,0.0475457543096867,4.3834777736077736e-05,0.0950346666666666,0.0141148467154186,0.0,-0.0942406457505859,-0.4121321172865559,0.0264436324715281,-0.1056286053379796,0.0060949185268916,-0.0269804167180478,0.1739224235924691,-0.0208854981911561
1915,0.13632352949999998,0.3817464060184852,0.4584545339162851,0.1551161042939485,0.0487477327130769,6.722814538850873e-05,0.0960508333333333,0.0142574407299602,0.0,-0.0912466938434453,-0.4003548605861205,0.0265591674538358,-0.1067617950032186,0.168086838614739,0.0127698762507021,0.200889691153044,0.1808567148654412
1916,-0.0861764705,0.4217738549867356,0.4682645616394815,0.158915466375639,0.0497056195334039,0.0001044863392865,0.097067,0.0146066577241461,0.0,-0.1013195033024122,-0.4236267437329494,0.0277941632023484,-0.1078949846684577,0.193406054453672,0.0447510774225771,0.1836167231104863,0.2381571318762492
1917,-0.2136764705,0.4336514596128339,0.4776588013805912,0.1616847960581625,0.0508016263179198,0.0001484002125392,0.0980831666666666,0.0148611996621996,0.0,-0.1052410103500741,-0.4432997930046547,0.0285738646301697,-0.1090281743336968,0.1935343115910585,0.0658742707819521,0.1742428772398232,0.2594085823730107
1918,-0.061176470499999996,0.4481912299269724,0.4854428052353307,0.1652254877730772,0.0514914069764152,0.0001822016304473,0.0990993333333333,0.0151866410630022,0.0,-0.1053447084294223,-0.4442170713976272,0.0283783537518986,-0.1101613639989358,0.1932585314106259,0.0696496125788271,0.1852830859375194,0.262908143989453
1919,-0.0061764705,0.4877034576181323,0.4918956176251285,0.1692596315558127,0.0516658692311149,0.000213574787665,0.1001155,0.0155574379324845,0.0,-0.0900832076820255,-0.395151496260108,0.025574090564863,-0.1113333930442675,0.1929766461098872,0.0370131867975771,0.2577136247106679,0.2299898329074644
1920,0.0338235295,0.4290330687084038,0.499553732567473,0.1732441865289999,0.0519541580745324,0.0002336122782936,0.1011316666666666,0.0159236768644385,0.0,-0.09964358514074,-0.4272121331624467,0.0277270104181329,-0.1126003732024194,0.1926906936897708,0.0060304231257021,0.2303119518929308,0.1987211168154729
1921,0.0738235295,0.4934111383364271,0.5057914098255044,0.1770467054384099,0.0523572277797201,0.0002498171800659,0.1026961666666666,0.0162731840173047,0.0,-0.0807062583428277,-0.3712988994846273,0.0256112302293024,-0.1138673533605713,0.1924006053789647,-0.0131426969914853,0.3141532299489477,0.1792579083874794
1922,-0.008676470500000002,0.3410746446237822,0.5118604864136923,0.1807117925982609,0.0528351400997022,0.0002772617774327,0.1042606666666666,0.0166100591805223,0.0,-0.0839673967673635,-0.3755092409869157,0.0263541879449811,-0.1151343335187232,0.0534225756288867,-0.0306465544133603,0.3182986234082558,0.0227760212155264
1923,0.016323529499999996,0.3582331776194021,0.517579940376098,0.1839004914818465,0.0539051549612724,0.0003211165253338,0.1058251666666666,0.0169031472873011,0.0,-0.0899863644707147,-0.4265001243354957,0.0296003956880033,-0.1164013136768751,0.1177102709433885,-0.0346247038274228,0.2751476105034364,0.0830855671159657
1924,0.0188235295,0.4655006303816792,0.5238890654994214,0.1861803063918819,0.0544117403114446,0.000365818467589,0.1073896666666666,0.0171126956517541,0.0,-0.0892114633951636,-0.4110965076315915,0.0295243748487308,-0.117668293835027,0.1915056411943332,-0.0269024137883603,0.3008974029757064,0.1646032274059728
1925,0.0563235295,0.4893122218644057,0.5270230161965053,0.1876092709433576,0.0545982607683495,0.0004197914149568,0.1089541666666666,0.0172440384126532,5.601169650837346e-05,-0.0893127151365599,-0.4136626438566197,0.0298828533988527,-0.1189352739931789,0.1911990651959619,-0.0057636198430478,0.3038767765114916,0.1854354453529141
1926,0.1863235295,0.5066528450660872,0.5293986915650704,0.188368629176471,0.0547624108039771,0.000486483834706,0.1105186666666666,0.0173138345505249,0.000114298409434,-0.0964307338061395,-0.4206718276456502,0.0295547804994366,-0.1202022541513309,0.1908884215294064,0.0225514436335146,0.2932129799031661,0.213439865162921
1927,0.0813235295,0.5065845976316213,0.533249292373482,0.1895109487906147,0.0549532198123626,0.0005353290149252,0.1120831666666666,0.0174188304454866,0.0001972413067119,-0.10389630596732,-0.4430793691646885,0.0302591232171793,-0.1214692343094828,0.1905736217731063,0.0462487336725771,0.2697622421859379,0.2368223554456834
1928,0.09132352949999999,0.4523800952043431,0.5358203634622676,0.1920663415076548,0.0552992113576008,0.0006017499105701,0.1136476666666666,0.0176537084445881,0.0002775290277036,-0.1080584346292821,-0.444222468052987,0.0294594904556912,-0.1227362144676347,0.1518606014426766,0.0307105500788271,0.2698089436828392,0.1825711515215038
1929,-0.07117647049999999,0.2243078035653662,0.538642436225954,0.1952163414956849,0.0555186050852137,0.0006959292686739,0.1152121666666666,0.017943239556352,0.0003852399561876,-0.119633297718433,-0.471812855387731,0.0301980786034829,-0.1240031946257866,-0.0368091368116012,0.0227542512507021,0.2383626891262653,-0.014054885560899
1930,0.13632352949999998,0.476024148404215,0.5407260807935735,0.1983353383379042,0.0556990552269634,0.0008008207567754,0.1167766666666666,0.0182299210251607,0.0004486089535842,-0.1132010064348987,-0.4572880734988301,0.0281896656986064,-0.1252701759196455,0.1896045873445277,0.0229726594538271,0.2634469016058602,0.2125772467983548
1931,0.1988235295,0.5349480505106106,0.5441914042563286,0.2008554896542221,0.056374648257944,0.0009244360381831,0.1187411666666666,0.0184615598236367,0.000514051438091,-0.0974721846406673,-0.3976854519687441,0.0265649103135265,-0.1265371574319251,0.1892733536104584,0.0007418244928896,0.3449328724072624,0.190015178103348
1932,0.1538235295,0.3784826609886993,0.5488940053860475,0.2031738240986964,0.0567378872584322,0.0010482949682671,0.1207056666666666,0.0186746486971922,0.0005564859780492,-0.084540164472928,-0.3719957467887536,0.0251314138897186,-0.1278041389442048,0.0037108814383134,-0.0158103971867978,0.3905821767371837,-0.0120995157484843
1933,-0.0111764705,0.5105636587678454,0.5542740459108394,0.2055425319279043,0.0572814432935723,0.0011770285558533,0.1226701666666666,0.018892367622221,0.0006893232177594,-0.0914198829765879,-0.3830237856170009,0.0257809820161626,-0.1290711204564844,0.1505076159499875,-0.0227370573430478,0.3827931001609057,0.1277705586069397
1934,0.13632352949999998,0.5166571856500404,0.5609755592460626,0.2082413291598845,0.0576352369535513,0.0013228599883789,0.1246346666666666,0.0191404265955447,0.0008094336800757,-0.1024449314353637,-0.4234785262726516,0.0269346694946688,-0.1303381019687641,0.1882549314319092,-0.0150303678899228,0.343432622108054,0.1732245635419863
1935,0.0888235295,0.5270417354066097,0.5687255661017379,0.2109731925269416,0.0580734112226591,0.0015025881736903,0.1265991666666666,0.0193915248307374,0.0009729248307246,-0.1119945916459208,-0.4427652885852207,0.0276768476749563,-0.1316050834810437,0.1879072453712289,0.0115842317194521,0.3275502583159286,0.199491477090681
1936,0.13632352949999998,0.5599350390436452,0.582591019943175,0.213409873666377,0.0586523911241312,0.0017365527383,0.1285636666666666,0.0196154914980376,0.001172341742462,-0.1209581150175266,-0.477825723957706,0.0290501784485023,-0.1328720649933233,0.1875554298400972,0.0692439973444521,0.3031356118590957,0.2567994271845494
1937,0.2838235295,0.5531963022529713,0.5958364164261459,0.2157063198166393,0.0593874569572448,0.0019904051550392,0.1305281666666666,0.0198265685169322,0.0014342604691901,-0.1318065308931465,-0.4953140796401717,0.0300111393374391,-0.134139046505603,0.1871995049693305,0.0725357209772646,0.2934610763063761,0.2597352259465951
1938,0.2863235295,0.6014477724775715,0.6051060602917695,0.2179053643935976,0.060250800557848,0.0022443491820784,0.1324926666666666,0.0200286929053781,0.0015091459241294,-0.1212184679908062,-0.4591378634425919,0.0287346671358526,-0.1354060280178827,0.1868394558864548,0.0620989289850771,0.3525093876060395,0.248938384871532
1939,0.2713235295,0.5690085154321157,0.6148414410852404,0.2211014812712997,0.0609539177362513,0.0025121790402072,0.1344571666666666,0.0203224628344082,0.0017143275284358,-0.1315111616013127,-0.494106362300803,0.0297235535101449,-0.1366730095301623,0.1864752991910371,0.0591972200007021,0.3233359962403764,0.2456725191917392
1940,0.3713235295,0.5205244504258154,0.6236563165449681,0.2227301235955588,0.0617900760552861,0.0028208582052545,0.1364216666666666,0.0204721589057099,0.0019487143093538,-0.147204826639103,-0.5213605085369845,0.0310747989889417,-0.1377064417438898,0.1861070235655381,0.0397744905085146,0.2946429363517626,0.2258815140740527
1941,0.3563235295,0.5012809316467319,0.6315380841823073,0.2243099525516996,0.0626720632933559,0.0031859491468851,0.1395045,0.0206173683139024,0.0021479780411109,-0.1515597213495526,-0.5346196901700302,0.0320551920199677,-0.1383700925959986,0.1857346477436322,0.0240647004694521,0.2914815834336476,0.2097993482130843
1942,0.3213235295,0.4743631301331167,0.6377642054343154,0.2268117516166269,0.0636526513526331,0.0036449442631442,0.1425873333333333,0.020847320271817,0.0021749803746356,-0.155259310927038,-0.5525535105238292,0.03277477823847,-0.1390337434481074,0.1853581234276634,0.0055936067194521,0.2834113999860012,0.1909517301471155
1943,0.3488235295,0.4641701369920253,0.6414540265637992,0.2290574369867803,0.0659355923813527,0.0041962422028259,0.1456701666666666,0.0210537316319323,0.0024382958602131,-0.1560956027218488,-0.5550737611526608,0.0333185928618498,-0.1396973943002162,0.184977504073129,-0.0130646940617978,0.2922573269806942,0.1719128100113311
1944,0.4713235295,0.4867107238374258,0.6416980473794832,0.230873853843764,0.0667248160576156,0.0048509829314516,0.148753,0.0212206869316236,0.002966865166745,-0.1518591250109305,-0.5480416359015794,0.0331612117841485,-0.140361045152325,0.1845927647520393,-0.0078696989446103,0.3099876580299969,0.176723065807429
1945,0.3488235295,0.6030264513405308,0.6410410450363411,0.2324055076550178,0.0675431522737111,0.0054637732571887,0.1518358333333333,0.0213614683387648,0.0030065774644435,-0.1313943123020011,-0.4886089618555674,0.029680692095188,-0.1410246960044337,0.1842039420869045,0.0275124299616396,0.3913100792919866,0.2117163720485441
1946,0.1963235295,0.6409660414439682,0.6409674521400469,0.234582344554695,0.0682629000510055,0.0062980476396872,0.1549186666666666,0.0215615515165703,0.0031787176872165,-0.12873865173012,-0.4770240464117199,0.0302725832250839,-0.1416883468565425,0.1838109525700516,0.0445638703913271,0.4125912184825895,0.2283748229613787
1947,0.24132352950000002,0.6404752308817743,0.6425029189032891,0.2375768405268081,0.0685698942146026,0.0071728669526035,0.1580015,0.0218367895328475,0.0035068012101457,-0.1496642686700574,-0.5101083718038384,0.0299631992294175,-0.1423519977086513,0.1834138795095298,0.0900551789850771,0.3670061723871673,0.2734690584946069
1948,0.1813235295,0.628986807261166,0.6429607542068914,0.2405682056148392,0.0687398521240282,0.0081206564053798,0.1610843333333333,0.0221117397750445,0.0039071383291783,-0.1592307996453654,-0.5350162527030458,0.03011956673075,-0.1430156485607601,0.18301269790019,0.1056245637507021,0.3403495456102738,0.2886372616508921
1949,0.17382352950000002,0.6648108926012616,0.6447613317600908,0.2429193225317319,0.0689014762915406,0.0091027562785258,0.1641671666666666,0.022327841837718,0.0038323370809497,-0.1404518084576724,-0.5118593299230694,0.0315805176835516,-0.1436792994128688,0.1826073807712071,0.0906011994928896,0.3916023123371648,0.2732085802640968
1950,0.0963235295,0.5851265177835554,0.6479387693820088,0.2446427262055202,0.0694135273139391,0.0101047227572132,0.16725,0.0224862478642532,0.0045960290479811,-0.1535692549339891,-0.554649866298993,0.0321078586262889,-0.1443429502649776,0.1821979724586079,0.0569507356257021,0.3459778096992453,0.23914870808431
1951,0.25132352950000003,0.5523591589304978,0.6511847172557995,0.2471159605427325,0.0698516538867819,0.0111650947652872,0.172705,0.0227135743055316,0.0050383908517084,-0.1630953830953387,-0.5444080553946656,0.0327078228044489,-0.1468619082812454,0.1817844267575054,0.0124578645319521,0.3581168676410402,0.1942422912894576
1952,0.3238235295,0.538282474739205,0.6568097335965328,0.2498345709474073,0.0704422232884021,0.0122166735091355,0.1781599999999999,0.0229634543994711,0.0053258744143525,-0.1708912096279033,-0.5617937209457521,0.032911709607876,-0.1495089963411357,0.1813667729448038,0.0104453889460146,0.3464703128483864,0.1918121618908185
1953,0.38882352950000004,0.5191727590472395,0.663485281659083,0.2542885674881887,0.0715296022982154,0.0134020446267726,0.183615,0.0233728418836443,0.0056269463591463,-0.1765239439633939,-0.578696197119357,0.0328959812172729,-0.152156084401026,0.1809450204823658,-0.0026123014836728,0.3408400400485465,0.1783327189986929
1954,0.1963235295,0.5245749945243444,0.6697493640826936,0.2597132254367991,0.0722780369262612,0.0147592223168593,0.18907,0.0238714473607136,0.0059092964247744,-0.1797693928598848,-0.5877071348660209,0.0334412740816785,-0.1548031724609163,0.1805191237056845,-0.0024562956242978,0.3465121664429578,0.1780628280813866
1955,0.1388235295,0.5198200991198149,0.6752155604512464,0.2656658157064472,0.0733109233685063,0.0163029619511337,0.194525,0.0244185775464899,0.0065337763960256,-0.1969511100271657,-0.6215218343266592,0.0348368369827363,-0.1574502605208067,0.1800891218255335,0.0248447297663271,0.3148862475279541,0.2049338515918607
1956,0.0763235295,0.5387298935867848,0.6800262076161371,0.2726589217513125,0.074502086161844,0.0180704015389714,0.19998,0.0250613463641238,0.0070665746617668,-0.2117964968535243,-0.6677984913801954,0.036416677411881,-0.160097348580697,0.1796550263397751,0.0849849885553896,0.2740898786916199,0.2646400148951648
1957,0.2963235295,0.5707365033302016,0.685026535015809,0.2797236931777048,0.0756280704447398,0.0200771461098282,0.2054349999999999,0.0257107022794298,0.0073280857267746,-0.2218617587021051,-0.7008587145638476,0.0371267073024378,-0.1627444366405873,0.1792167834527529,0.1409286897272646,0.250591030150184,0.3201454731800176
1958,0.30632352949999997,0.6128018044230458,0.6910577056794089,0.285274156501438,0.0765321628779873,0.0222114672219537,0.21089,0.0262208711121384,0.0077543734335573,-0.2218537636909417,-0.6860458622211952,0.0390388008920412,-0.1653915247004776,0.1787744492695583,0.1483389680475771,0.2856883871059104,0.3271134173171354
1959,0.2863235295,0.5758000697995511,0.6989924531118331,0.2899793607912683,0.0772816413694656,0.0244388380136352,0.2163449999999999,0.0266533482658805,0.0081721700689767,-0.2312428610839517,-0.70238012598727,0.0406010824245817,-0.168038612760368,0.1783279969910473,0.1166697785944521,0.2808022942140517,0.2949977755854994
1960,0.2313235295,0.5369834184310218,0.7131387313501331,0.2931953259865968,0.0783180376726858,0.0269679375994737,0.2218,0.0269489425458601,0.0087258078767618,-0.2465244143323461,-0.7312151185495012,0.0422147950115565,-0.1694334331726547,0.1778774428870662,0.0949693635553896,0.2641366119885659,0.2728468064424559
1961,0.3088235295,0.462629893903798,0.7247412822921409,0.2957125864720494,0.0794381778666987,0.0299165171364353,0.227815,0.0271803156346607,0.0095131866186723,-0.2588076799856143,-0.7573059384886357,0.0414036917872958,-0.1701393219648289,0.1662893194248463,0.0468727571100771,0.2494678173688745,0.2131620765349234
1962,0.2613235295,0.2635934110537075,0.7375579007971402,0.3018728993061721,0.080621190556154,0.0333057119602202,0.23383,0.0277465385649638,0.0104209097850182,-0.2625001648848743,-0.7596348575021493,0.0421451581949777,-0.1708452107570032,-0.0243829669988642,0.0134563020319521,0.2745200760206195,-0.010926664966912
1963,0.2963235295,-0.6712562802793266,0.7479324225757109,0.3103747175292292,0.0819266737295423,0.0372572817803817,0.239845,0.0285279801178178,0.0111133007458668,-0.2797056364286843,-0.8094890516568141,0.0433642391268176,-0.1715510995491774,-0.9127327755163448,0.0018806672663271,0.2395958279706911,-0.9108521082500176
1964,0.0463235295,-0.3962808129942233,0.7596245882069643,0.3180507281560333,0.0831501032740464,0.0418315696855568,0.24586,0.0292335178635751,0.0118439286049242,-0.2884117546387091,-0.8000159494676546,0.0436250255593127,-0.1722569883413516,-0.665329647600748,-0.0034859342961728,0.2725347689026975,-0.6688155818969208
1965,0.1538235295,-0.0770274703911396,0.7678326578944084,0.3243443016980605,0.08438732066535,0.0470124179165249,0.251875,0.0298119894037387,0.0126328987513048,-0.30094825363326,-0.8199803387598601,0.0443713800239274,-0.1729628771335259,-0.3449133454216356,-0.0004906217961728,0.2683764968266688,-0.3454039672178084
1966,0.2063235295,0.4160010691439327,0.7860677416847789,0.329452706574933,0.0857914966392639,0.0527851537164586,0.2578899999999999,0.0302815265938852,0.0138020828956383,-0.3127142960840718,-0.8323695558131315,0.0448075489880419,-0.1736687659257001,0.1087342889746968,0.0251411408991396,0.2821256392700962,0.1338754298738365
1967,0.2388235295,0.1879719959575981,0.7962560900365518,0.3349225407496951,0.0871915247800861,0.0592445692040998,0.2639049999999999,0.0307842844274729,0.0157501909634755,-0.3214393314152572,-0.8535569395714804,0.0442725716467913,-0.1743746547178744,-0.1518409822560399,0.0568571321100771,0.2829558461035608,-0.0949838501459627
1968,0.1713235295,0.3313711954518971,0.8117419933442166,0.3427776017069369,0.0885800553574291,0.0665021548537269,0.2699199999999999,0.031506279519716,0.017704966744283,-0.3387852973405006,-0.8673546552795509,0.045271517484358,-0.1750805435100486,-0.0350094382496843,0.0735965608210146,0.2927840728805667,0.0385871225713303
1969,0.31382352950000003,0.4374445094489007,0.8263827300959795,0.350713605446229,0.0899761175485183,0.074611728887523,0.2759349999999999,0.0322357144385512,0.0186009217222106,-0.3503111843284753,-0.879602597139533,0.0467103644554881,-0.1757864323022228,0.051402267889555,0.0765762727350771,0.3094659688242685,0.1279785406246322
1970,0.2738235295,0.4190036050186977,0.8524407670261726,0.360394878121926,0.0913710767625835,0.083552401810757,0.2819499999999999,0.0331255651216419,0.01929366974431,-0.3770753656561306,-0.9231526496894386,0.0478206003894069,-0.176492321094397,0.0472642370905391,0.0785107453913271,0.2932286225368314,0.1257749824818662
1971,0.1538235295,0.2847550566759764,0.8628090499743453,0.3692236802144906,0.0927992356276721,0.093223648836107,0.2870216666666666,0.033937061278822,0.0205201644819115,-0.3765434501337171,-0.930222657620267,0.0492363434611803,-0.1771960869898431,-0.0898904675595943,0.0498368684382021,0.3248086557973686,-0.0400535991213922
1972,0.26132352950000004,0.3895109287732931,0.8957873726309703,0.3771712046573108,0.0942503075073592,0.103762370543171,0.2920933333333333,0.0346675551189631,0.0214415623035197,-0.3925211904232955,-0.98347270419056,0.0505031353637041,-0.1778360473121969,0.0256056275996864,0.0480584016413271,0.3158468995322794,0.0736640292410136
1973,0.4038235295,0.5478451696573601,0.938885723086166,0.3830648954959279,0.0957440609982686,0.1155158704683952,0.297165,0.0352092715847987,0.0223013871372884,-0.4057207335395938,-0.9833424502032924,0.0521445473740742,-0.1784760076345508,0.1560626837173002,0.0192909211725771,0.3724915647674826,0.1753536048898774
1974,0.1838235295,0.4553426748018352,0.9529730861394372,0.3888000421491672,0.097291242793051,0.1285192598056102,0.3022366666666666,0.0357364155190689,0.0212803579826073,-0.3977134517354481,-0.976473362824405,0.0524122909797245,-0.1791159679569046,0.0242237043841206,0.0051723908991396,0.4259465795185749,0.0293960952832603
1975,0.24132352950000002,0.2643636311707855,0.9540081085866684,0.3954996449336458,0.0988874943927266,0.1417471405316193,0.3073083333333333,0.0363522070904777,0.0219344937886099,-0.3881715215962001,-0.959644083672878,0.0537957683193425,-0.1797559282792585,-0.2230824288751914,0.0054844026178896,0.4819616574280873,-0.2175980262573018
1976,0.1488235295,0.4936722423456672,0.9658981902614784,0.4029112079624335,0.1005289327703146,0.1547064002998671,0.31238,0.0370334382307277,0.0216973074673907,-0.4069173349750906,-1.0075158813216778,0.0555561303014809,-0.1803958886016123,0.0369543119418406,0.0008354280085146,0.455882502395312,0.0377897399503552
1977,0.4538235295,0.6629001233836582,0.9959755848903696,0.4107788886390642,0.1022126095225286,0.1676047230726255,0.3174516666666666,0.0377565932599228,0.0229697607816987,-0.4060265828001175,-1.0151551858479888,0.0578217236933003,-0.1810358489239661,0.1216016315616646,0.0309445588678896,0.5103539329541039,0.1525461904295542
1978,0.3488235295,0.7846093365569994,1.0233995423372475,0.4188573356541851,0.1039641736753201,0.1803611103162787,0.3225233333333333,0.0384991208010345,0.0235871037725517,-0.4011302773775209,-1.0274573895820382,0.0600329195738221,-0.18167580924632,0.1465882823999658,0.0770598908991396,0.5609611632578939,0.2236481732991054
1979,0.4363235295,0.8427336775241299,1.0496761543132678,0.4268998616459987,0.1057875663675679,0.1921301701657973,0.327595,0.0392383466742562,0.0243959648497026,-0.4081288085061806,-1.0412146976733572,0.0616655574970932,-0.1823157695686739,0.1311457836329557,0.1158585481257021,0.595729345765472,0.2470043317586578
1980,0.5413235295000001,0.8567201173984937,1.0857131817123595,0.4346753819148755,0.1080149604851529,0.2039526607776537,0.3326666666666667,0.0399530308128421,0.0242947398387726,-0.4095716794463809,-1.0350924435782247,0.0609003601353636,-0.1829557298910277,0.0859547269541133,0.1082142610163271,0.6625511294280533,0.1941689879704404
1981,0.5863235295,0.910486915135408,1.1054006285013622,0.4419488118525763,0.1108117301566422,0.2154412400615416,0.335325,0.0406215654998903,0.0236187305936255,-0.3957426802322139,-1.0090623931246072,0.0610504676978134,-0.1835956902133816,0.0539123478180192,0.1107571565241396,0.745817410793249,0.1646695043421588
1982,0.39632352950000005,0.5259845410904116,1.1178284478796294,0.4484940588807352,0.1147299181876274,0.2267540072938935,0.3379833333333333,0.0412231695176787,0.0236846783853603,-0.3933220837705129,-1.0444468941535012,0.0616574043814572,-0.1842551021871568,-0.2917651254478974,0.0674187287897646,0.7503309377485444,-0.2243463966581327
1983,0.5713235295000001,0.1934647449951403,1.1452380458435367,0.454133518846821,0.1166255555436937,0.2381702328361117,0.3406416666666667,0.0417415184446417,0.0238683233925748,-0.3763033479281522,-0.9805288429774512,0.0626655677851163,-0.1849955359156124,-0.7533854177778839,0.0655934602350771,0.8812567025379471,-0.6877919575428068
1984,0.4088235295,0.6326669571237291,1.1704171917539934,0.4589867287793295,0.1189018619498616,0.2496140516809177,0.3433,0.0421875994836012,0.0252117947105754,-0.3787779828324304,-1.000731272991219,0.0644279916488915,-0.1857359696440681,-0.2897457828070507,0.0146107453913271,0.9078019945394528,-0.2751350374157236
1985,0.40132352950000005,0.9182263610436884,1.1942037327216164,0.4640554657523369,0.1207272046133259,0.262473339204105,0.3459583333333333,0.0426534906126838,0.0258361009356712,-0.3789032083947509,-1.009095597248248,0.0652854763418921,-0.1864764033725238,-0.025879271972081,-0.0026123014836728,0.9467179344994424,-0.0284915734557539
1986,0.4413235295,0.9718160650873529,1.2169284994639005,0.4691658548227213,0.1237406699141887,0.2765046323790537,0.3486166666666666,0.0431232101792607,0.0272673269682422,-0.3738695498688403,-1.0116621574043831,0.0671679277445093,-0.1872168371009794,-0.0274595568808149,-0.0004906217961728,0.9997662437643406,-0.0279501786769878
1987,0.5788235294999999,1.0710587917543837,1.245030757738184,0.4731834853026435,0.1243690655354131,0.2911727184031619,0.3512749999999999,0.0434924892344761,0.0283999343766251,-0.3839517827783193,-1.04384105024998,0.0690033391784395,-0.1879572708294351,0.0504991192409101,0.0103829866022646,1.010176685911209,0.0608821058431748
1988,0.6338235295,1.2406802199586386,1.2854291665521,0.4782492718722982,0.1266994763962364,0.3068900470445162,0.3539333333333333,0.0439581091782997,0.0296104746142763,-0.3777455447615955,-1.0487020255461006,0.0711402016922431,-0.1886977045578908,0.1045091365230326,0.0554062776178896,1.0807648058177164,0.1599154141409222
1989,0.5238235295,1.4080449828406474,1.3116262000174697,0.4836671462935422,0.1301867569132925,0.320795427591978,0.3565916666666666,0.0444560911499,0.0307147182987691,-0.375687308481699,-1.0358088255459932,0.0720942208722339,-0.1894381382863465,0.1415844264907571,0.1172626008600771,1.149197955489813,0.2588470273508342
1990,0.6988235295,1.415760974603699,1.330290767281535,0.4866764620956296,0.1332550226058797,0.3326640816396404,0.35925,0.0447326913254993,0.0310013181911356,-0.3752123044627222,-1.05407289056554,0.0742627417113852,-0.1901785720148021,0.1372642854281691,0.1058273713678896,1.1726693178076402,0.2430916567960588
1991,0.6763235295000001,0.646775734272303,1.3509510069366668,0.4919441723118366,0.1355610246497764,0.342172173926391,0.3632016666666665,0.0452168710084022,0.0298326540023392,-0.3918171876401975,-1.1325847175037285,0.0738684614272035,-0.1906437894019979,-0.5750379090258204,0.1041113069147646,1.1177023363833587,-0.4709266021110557
1992,0.47382352949999995,-0.3962168388319798,1.3619604000793712,0.4949146237483361,0.13728644099392,0.3502969646432454,0.3671533333333333,0.0454898989798685,0.0300710787619736,-0.353862825933194,-1.0066883607703685,0.0724238309332321,-0.1909779397804979,-1.7876312108531522,0.0833469270319521,1.3080674449892202,-1.7042842838212
1993,0.5213235295,0.5649139061257302,1.3732675558481415,0.4956830285529928,0.138336054021409,0.355139725960345,0.371105,0.0455605266300978,0.0303347972029355,-0.3496858016741685,-1.0161303594003532,0.0720927540551685,-0.191312090158998,-0.7939631767875425,0.0344858918757021,1.3243911910375703,-0.7594772849118403
1994,0.5763235295,1.221896709875231,1.3967603123132053,0.4978458886729615,0.1401246812962442,0.3590678040539277,0.3750566666666666,0.0457593251372419,0.0315695449328976,-0.3555214346385065,-1.067026718697275,0.072425346249204,-0.1916462405374981,-0.087425646512041,0.0049071809382021,1.3044151754490698,-0.0825184655738389
1995,0.7263235295000001,1.5129851640954854,1.425303274722204,0.4997752582179121,0.1420957669533108,0.362646911265762,0.3790083333333333,0.0459366624424723,0.0322622288480411,-0.3281360671471326,-1.0129844983801308,0.073844451039631,-0.1919803909159982,0.085922263715378,-0.0007090299992978,1.4277719303794052,0.0852132337160802
1996,0.6138235295,1.64016585476855,1.4526273266086087,0.5005713451480236,0.1449223682550997,0.3658222337643741,0.3829599999999999,0.0460098344852697,0.0337098790966745,-0.3190416479832428,-0.984356340069306,0.0734161039074069,-0.1923145412944983,0.148747981052563,-0.0129086882024228,1.50432656191841,0.1358392928501401
1997,0.7588235295000001,1.5486561245119943,1.4696391928569712,0.501871682005302,0.1476874103773014,0.3681881541362685,0.3869116666666667,0.0461293544780906,0.0350065901560918,-0.3565921210286446,-1.1035978137212987,0.0732398836792141,-0.1926486916729984,0.1693176883752027,0.0035031282038271,1.3758353079329646,0.1728208165790299
1998,0.9013235295,1.685252049078649,1.5103006402059431,0.505874100916031,0.1502040909309853,0.3705315951240344,0.3908633333333333,0.046497235367415,0.0358115710591577,-0.3388907012616092,-1.0845742655845396,0.0702427042591176,-0.1929828420514984,0.1709760972483265,0.0503984895319521,1.4638774622983703,0.2213745867802786
1999,0.6663235295000001,1.9285888334592616,1.5424510765307566,0.5088390392154462,0.153449436251199,0.3727221965948729,0.394815,0.0467697566008763,0.0371264231212236,-0.3033058329388054,-0.959692574393939,0.0693613993635015,-0.1933169924299985,0.1744629199184264,0.0849069856257021,1.669218927915133,0.2593699055441286
2000,0.6688235295,2.024595055237068,1.560589117994898,0.5092985751383967,0.1566979312699145,0.3748310250989954,0.3987666666666667,0.0468119946793439,0.0386523745168468,-0.3010886608239266,-0.9201002340951104,0.0686693134468259,-0.1936511428084985,0.1751097657535766,0.1100083283991396,1.7394769610843517,0.2851180941527163
2001,0.8113235295,2.04104569717501,1.5846007671233593,0.5086882546296848,0.1591424956157662,0.3767358170065712,0.402852380952381,0.0467558972901086,0.0377843361623687,-0.2981516782853386,-0.922403549783566,0.0697301853134826,-0.1939852931869986,0.1698493526177382,0.0994467317194521,1.7717496128378198,0.2692960843371904
2002,0.8813235294999999,2.0012730191631296,1.6150206063472303,0.5090075626423908,0.1612500541105882,0.3784494766110922,0.4069380952380953,0.0467852463708277,0.0383497998475332,-0.3167479434717237,-0.9956623623391444,0.0708334499615907,-0.1943194435654987,0.1766331470578831,0.1047353303522646,1.719904541752982,0.2813684774101478
2003,0.8788235295000001,1.9294806370068536,1.6534047011435058,0.5105958651929747,0.1635409748142782,0.3799325701807699,0.4110238095238096,0.0469312346263946,0.0381791400105766,-0.3326535674298269,-1.0232754872119665,0.0728142532860953,-0.1946535939439988,0.1602781115401009,0.0433626252741396,1.7258399001926132,0.2036407368142405
2004,0.8038235295,1.952626330417963,1.680655402484379,0.51032461568817,0.16567484765637,0.3815699846532369,0.4151095238095238,0.0469063028260803,0.0406886537071523,-0.3293844326569752,-1.0278836497093462,0.0761833904514517,-0.1949877443224989,0.1711930166109668,0.0165764192194521,1.764856894587544,0.187769435830419
2005,0.9438235294999999,1.8987254530117303,1.7109125624288146,0.5095269597624096,0.1679933470775459,0.3832798604134445,0.4191952380952381,0.0468329865696142,0.0424209866859559,-0.3407615217920168,-1.057080815710068,0.0781427781091562,-0.1953218947009989,0.1434671406031829,-0.0098821745305478,1.7651404869390952,0.1335849660726351
2006,0.9038235294999999,1.8809865584036911,1.7426512790048856,0.5095745621966246,0.1707273853088123,0.3849152385145951,0.4232809523809524,0.0468373619301708,0.0430948246604738,-0.3588298615890487,-1.0774418307911755,0.0793590263022928,-0.195656045079499,0.1283620656810924,-0.0158884001164853,1.768512892839084,0.1124736655646071
2007,0.9213235295,1.937187223997667,1.7681918049565983,0.5122151517195018,0.1731340388618008,0.3868280312705249,0.4273666666666667,0.0470800707629251,0.044201789777326,-0.3354178035624007,-1.0589039393221418,0.081129201969196,-0.1959901954579991,0.1147540388940298,-0.0274016325383603,1.8498348176419976,0.0873524063556694
2008,0.7963235295,2.0507058557157154,1.7990568951538657,0.5146560020717951,0.1760439226297957,0.3888267414701232,0.4326,0.0473044206419201,0.0440061573059448,-0.3215570218501339,-1.0180165255420524,0.0826983366954658,-0.1963243458364992,0.1312933986779138,-0.0298821257024228,1.9492945827402248,0.1014112729754909
2009,0.9263235295,2.128671937273246,1.821010435290595,0.5165206317383294,0.1783056678745976,0.3905039823139917,0.4378333333333333,0.0474758074045967,0.0416635065065613,-0.2923461121343693,-0.9732276843209596,0.0833431076184164,-0.1966584962149992,0.1041922859093242,-0.0299445280461728,2.0544241794100944,0.0742477578631513
2010,0.9963235294999999,2.2321586886055,1.8542387771829048,0.5184851054250419,0.1811271712314391,0.3923493718692802,0.4430666666666666,0.0476563712943447,0.0438139407758131,-0.2738984136348954,-0.9916070621332688,0.0849095259861157,-0.1969926465934993,0.1368015765504796,-0.0077916960149228,2.103148808069943,0.1290098805355568
2011,0.8813235295,2.289684011004931,1.8815013547752075,0.5205097029851427,0.1843651123431736,0.3941671317409775,0.4501166666666666,0.0478424614482107,0.0451837874121805,-0.2802694896878975,-0.9660866786429744,0.0849467342631381,-0.1973267969719994,0.0981576298677148,0.0265763948053896,2.1649499863318264,0.1247340246731044
2012,0.9063235295,2.354675496948999,1.9105245758690848,0.5223971333664713,0.1871478586512215,0.3956925847187028,0.4571666666666666,0.0480159439303566,0.0458413801241081,-0.2826577645665037,-0.9916801200274398,0.085193928489111,-0.1976609473504995,0.1337497226238915,0.0409445344538271,2.1799812398712803,0.1746942570777186
2013,0.9363235295,2.526792548990022,1.9498820904830387,0.5244103844422799,0.1901028028255796,0.3974848578335747,0.4642166666666666,0.048200991176215,0.0467618284353064,-0.2595969544181066,-0.9273294019697268,0.0846766113281814,-0.1979950977289995,0.1567649249153097,0.0492128450007021,2.3208147790740097,0.2059777699160119
2014,1.0063235295,2.555933064314874,1.977306603106163,0.5278419206221283,0.1936623896293991,0.3991921649888544,0.4712666666666666,0.0485163995854165,0.0483602257214087,-0.254665056764627,-0.9386259415401944,0.0838853945780411,-0.1983292481074996,0.1384179293440393,0.0591036164850771,2.3584115184857573,0.1975215458291165
2015,1.1488235295,2.612135556392291,2.0100132948344926,0.5319992781265986,0.1965900820906364,0.4008651352966691,0.4674,0.0488985215996525,0.0509986291737542,-0.2285099881228313,-0.8889401139005655,0.0826369316980625,-0.1986633984859996,0.1096498908389316,0.0291972932428896,2.4732883723104697,0.1388471840818212
2016,1.2638235295,2.676477870357218,2.0584930165033906,0.5350442028809451,0.19914893162432,0.4026473886137153,0.4635333333333333,0.0491783947592441,0.053423854161604,-0.2197975524025137,-0.8674535808801631,0.0816554314524479,-0.1989975488644997,0.1271892252156173,-0.0075872260402231,2.556875871181824,0.1196019991753941
2017,1.1788235295,2.7511121899547897,2.0886859393619077,0.5376654481868969,0.2020329446679046,0.4046273153620078,0.4596666666666666,0.0494193255752829,0.0567248488736372,-0.2119775350644262,-0.8508396402655325,0.0812916364101818,-0.1993316992429998,0.1506135204579717,-0.0174665810347086,2.6179652505315265,0.133146939423263
2018,1.1013235295,2.7833396714859577,2.1220798898316877,0.5408211232185522,0.2056540405328447,0.4066049259213994,0.4670666666666667,0.0497093783066329,0.0574,-0.2155399136044429,-0.8499677327896312,0.0807277484335728,-0.1996658496214999,0.1399169489098895,-0.0214675543197145,2.6648902768957825,0.118449394590175
2019,1.2263235295,2.838193386824507,2.156277925173476,0.5439829883633728,0.2084626350863093,0.4080644329510989,0.4744666666666666,0.05,0.0575349282142884,-0.2155619383961199,-0.8427783283750662,0.08,-0.2,0.1399169489098895,-0.0221728717694077,2.720449309684025,0.1177440771404817
